Activity Type,Date,Favorite,Title,Distance,Calories,Time,Avg HR,Max HR,Aerobic TE,Avg Run Cadence,Max Run Cadence,Avg Speed,Max Speed,Total Ascent,Total Descent,Avg Stride Length,Avg Vertical Ratio,Avg Vertical Oscillation,Avg Ground Contact Time,Avg Bike Cadence,Max Bike Cadence,Normalized Power® (NP®),Training Stress Score®,Max Avg Power (20 min),Avg Power,Max Power,Grit,Flow,Total Strokes,Avg. Swolf,Avg Stroke Rate,Total Reps,Dive Time,Min Temp,Surface Interval,Decompression,Best Lap Time,Number of Laps,Max Temp,Avg Resp,Min Resp,Max Resp,Moving Time,Elapsed Time,Min Elevation,Max Elevation
Road Cycling,2022-10-11 06:05:37,false,"Cajicá - Resistencia en llano","55.59","980","01:53:27","128","157","3.0","0","0","29.4","53.3","181","192","0.00","0.0","0.0","0","74","168","140","66.6","152","123","627","0.0","0.0","7669","0","0","0","0:00","9.0","0:00","No","00:01.41.1","11","0.0","26","15","37","01:51:04","01:53:27","2,568","2,629"
Road Cycling,2022-10-08 05:50:03,false,"Cajicá Road Cycling","141.02","2,915","06:05:57","127","163","3.9","0","0","23.1","61.7","1,784","1,785","0.00","0.0","0.0","0","73","158","154","258.1","195","111","704","0.0","0.0","20687","0","0","0","0:00","10.0","0:00","No","11:05.19","18","0.0","26","14","38","06:04:52","10:21:01","1,491","2,729"
Road Cycling,2022-10-07 06:06:44,false,"Purificación - Resistencia en llano","52.39","864","02:07:29","105","130","2.3","0","0","24.7","39.1","154","162","0.00","0.0","0.0","0","71","160","115","50.5","118","92","522","0.0","0.0","7471","0","0","0","0:00","23.0","0:00","No","00:30.53.4","9","0.0","21","14","28","02:02:24","02:17:51","296","327"
Road Cycling,2022-10-06 05:01:20,false,"Purificación - Intervalos 2S 5x3' en Z5","49.11","905","01:54:12","111","153","2.7","0","0","25.8","43.8","186","203","0.00","0.0","0.0","0","68","145","156","83.2","147","112","580","0.0","0.0","6999","0","0","0","0:00","23.0","0:00","No","03:00.00","16","0.0","22","13","34","01:54:10","01:54:12","308","347"
Road Cycling,2022-10-05 05:49:10,false,"Purificación Road Cycling","43.64","1,043","01:55:17","129","181","4.1","0","0","22.7","47.4","558","553","0.00","0.0","0.0","0","68","153","182","114.2","247","129","523","0.0","0.0","6884","0","0","0","0:00","21.0","0:00","No","01:22.51.1","7","0.0","27","12","43","01:55:12","01:59:34","308","742"
Road Cycling,2022-10-02 13:25:56,false,"Ibague Road Cycling","7.74","86","00:24:15","0","0","0.3","0","0","19.2","42.7","47","253","0.00","0.0","0.0","0","50","94","87","6.1","44","38","269","0.0","0.0","533","0","0","0","0:00","32.0","0:00","No","24:14.88.6","1","0.0","--","--","--","00:24:10","00:24:54","1,224","1,435"
Road Cycling,2022-10-02 11:16:25,false,"Cajamarca Road Cycling","19.99","75","00:39:29","114","129","1.2","0","0","30.4","61.6","19","1,377","0.00","0.0","0.0","0","36","97","54","3.8","20","10","301","0.0","0.0","221","0","0","0","0:00","19.0","0:00","No","10:47.10.1","3","0.0","23","18","28","00:35:41","00:42:04","1,840","3,146"
Road Cycling,2022-10-02 06:00:43,false,"Ibague Road Cycling","52.07","2,317","03:07:43","161","184","5.0","0","0","16.6","63.4","2,321","463","0.00","0.0","0.0","0","73","134","207","270.4","226","185","704","0.0","0.0","12908","0","0","0","0:00","16.0","0:00","No","19:53.80.5","7","0.0","37","15","43","03:06:55","04:31:50","1,148","3,283"
Road Cycling,2022-10-01 12:37:42,false,"Ibague Road Cycling","5.64","149","00:22:51","119","135","1.2","0","0","14.8","38.9","125","9","0.00","0.0","0.0","0","63","167","108","9.3","87","88","435","0.0","0.0","1172","0","0","0","0:00","31.0","0:00","No","22:50.97.9","1","0.0","24","18","29","00:22:40","00:24:26","1,115","1,220"
Road Cycling,2022-10-01 09:22:46,false,"Ibague - Recovery","43.96","854","02:35:01","103","137","2.3","0","0","17.0","46.7","445","511","0.00","0.0","0.0","0","64","252","107","54.0","124","81","613","0.0","0.0","6368","0","0","0","0:00","26.0","0:00","No","06:11.51.5","7","0.0","20","12","31","02:02:48","02:51:53","714","1,198"
Road Cycling,2022-09-30 06:07:38,false,"Ibague - Resistencia en llano","47.15","895","01:58:45","126","176","3.6","0","0","23.8","60.9","539","553","0.00","0.0","0.0","0","63","184","160","106.4","214","106","596","0.0","0.0","5948","0","0","0","0:00","19.0","0:00","No","03:10.60.6","8","0.0","25","14","42","01:51:56","01:58:45","786","1,215"
Road Cycling,2022-09-29 05:12:10,false,"Cajicá - Tempo 2 x 20'","67.08","1,066","02:11:17","124","144","3.1","0","0","30.7","49.8","184","198","0.00","0.0","0.0","0","72","168","126","73.9","133","114","346","0.0","0.0","9060","0","0","0","0:00","10.0","0:00","No","00:01.84.7","14","0.0","25","15","32","02:11:13","02:11:17","2,560","2,687"
Mountain Biking,2022-09-28 05:59:21,false,"Cajicá - Resistencia con montaña Z4 (MTB)","28.45","573","01:33:30","118","146","2.0","0","0","18.3","44.7","337","341","0.00","0.0","0.0","0","58","121","--","0.0","--","0","0","28.4","1.4","4548","0","0","0","0:00","7.0","0:00","No","05:00.00","4","0.0","24","16","33","01:28:27","01:33:30","2,574","2,863"
Mountain Biking,2022-09-27 05:59:41,false,"Cajicá - Resistencia con montaña Z4 (MTB)","37.87","760","02:02:48","122","158","2.3","0","0","18.5","49.3","576","582","0.00","0.0","0.0","0","62","243","--","0.0","--","0","0","52.2","1.6","6699","0","0","0","0:00","8.0","0:00","No","02:48.02","4","0.0","25","15","35","02:01:29","02:02:48","2,550","2,936"
Road Cycling,2022-09-25 12:18:27,false,"La Calera Road Cycling","16.09","325","00:46:25","145","172","3.1","0","0","20.8","42.9","271","468","0.00","0.0","0.0","0","66","157","147","35.5","156","95","407","0.0","0.0","1911","0","0","0","0:00","20.0","0:00","No","17:38.93.7","2","0.0","31","18","40","00:46:13","00:48:42","2,605","3,038"
Road Cycling,2022-09-25 06:04:22,false,"Bogota, D.C. Road Cycling","79.50","1,799","03:11:54","141","184","5.0","0","0","24.9","70.6","1,394","1,195","0.00","0.0","0.0","0","72","161","183","229.2","214","135","671","0.0","0.0","11123","0","0","0","0:00","7.0","0:00","No","11:05.78","10","0.0","29","16","43","03:11:24","04:35:49","2,609","3,061"
Road Cycling,2022-09-24 06:42:12,false,"Bogota, D.C. Road Cycling","82.42","2,306","04:35:52","140","181","5.0","0","0","17.9","54.2","2,271","2,243","0.00","0.0","0.0","0","63","154","158","245.3","188","118","574","0.0","0.0","12986","0","0","0","0:00","8.0","0:00","No","05:54.81.5","11","0.0","30","17","42","04:35:19","06:04:57","1,959","3,343"
Road Cycling,2022-09-23 06:15:35,false,"Cajicá - Recovery","36.19","471","01:31:46","99","122","1.5","0","0","23.7","40.9","110","116","0.00","0.0","0.0","0","66","158","82","21.9","76","64","413","0.0","0.0","4944","0","0","0","0:00","10.0","0:00","No","00:02.83.8","7","0.0","19","13","26","01:30:22","01:31:46","2,549","2,584"
Road Cycling,2022-09-22 05:40:31,false,"Cajicá - Resistencia con montaña Z4 (MTB)","39.33","506","01:40:59","99","132","1.6","0","0","23.4","50.2","150","162","0.00","0.0","0.0","0","63","172","88","27.5","74","62","409","0.0","0.0","4981","0","0","0","0:00","7.0","0:00","No","04:27.07.1","6","0.0","20","13","28","01:38:48","01:40:59","2,573","2,615"
Road Cycling,2022-09-21 05:37:56,false,"Cajicá - Pirámide Z6","63.95","1,194","02:27:44","128","180","4.0","0","0","26.0","59.2","614","619","0.00","0.0","0.0","0","72","160","165","143.8","211","115","670","0.0","0.0","8384","0","0","0","0:00","8.0","0:00","No","00:09.95.8","33","0.0","26","14","40","02:27:14","02:35:26","2,558","3,041"
Road Cycling,2022-09-20 05:47:24,false,"Cajicá - Resistencia con montaña","50.75","1,092","02:23:13","128","169","3.7","0","0","21.3","56.5","739","743","0.00","0.0","0.0","0","63","163","150","114.3","175","106","644","0.0","0.0","7060","0","0","0","0:00","8.0","0:00","No","08:13.21.2","8","0.0","26","14","40","02:22:46","02:29:48","2,540","3,054"
Road Cycling,2022-09-19 06:05:04,false,"Cajicá - Resistencia en llano","61.95","968","02:05:25","123","148","2.9","0","0","29.6","48.1","207","215","0.00","0.0","0.0","0","73","146","124","68.2","135","107","456","0.0","0.0","8613","0","0","0","0:00","9.0","0:00","No","00:56.09.4","11","0.0","24","17","35","02:05:10","02:05:37","2,570","2,642"
Road Cycling,2022-09-15 05:28:55,false,"Cajicá - Ramps Up","53.23","982","02:12:21","130","177","3.6","0","0","24.1","54.1","698","705","0.00","0.0","0.0","0","64","145","148","103.0","184","103","428","0.0","0.0","6736","0","0","0","0:00","10.0","0:00","No","01:00.00","22","0.0","27","14","41","02:11:34","02:12:21","2,561","3,014"
Road Cycling,2022-09-14 05:48:24,false,"Cajicá - Resistencia con montaña","46.13","969","02:20:35","123","165","3.2","0","0","19.7","47.1","794","805","0.00","0.0","0.0","0","63","151","148","110.3","160","94","583","0.0","0.0","6465","0","0","0","0:00","9.0","0:00","No","00:17.03.5","10","0.0","25","13","37","02:19:08","02:20:35","2,571","2,839"
Indoor Cycling,2022-09-13 17:32:13,false,"Resistencia (Rodillo)","0.00","398","01:05:07","116","134","2.0","0","0","--","--","--","--","0.00","0.0","0.0","0","71","90","105","21.5","113","99","210","0.0","0.0","3807","0","0","0","0:00","19.0","0:00","No","00:07.12.6","5","0.0","23","17","29","00:00:00","00:55:07","--","--"
Road Cycling,2022-09-11 07:32:50,false,"Cajicá Road Cycling","64.37","1,203","02:30:53","144","187","4.4","0","0","25.6","49.5","777","773","0.00","0.0","0.0","0","75","178","163","142.0","209","112","631","0.0","0.0","8764","0","0","0","0:00","10.0","0:00","No","16:01.52.1","8","0.0","30","15","43","02:30:26","03:34:55","2,577","3,137"
Road Cycling,2022-09-09 05:27:56,false,"Cajicá - Resistencia en llano","59.66","828","02:04:51","118","147","2.6","0","0","28.7","52.8","261","274","0.00","0.0","0.0","0","73","153","114","58.3","119","90","722","0.0","0.0","7880","0","0","0","0:00","4.0","0:00","No","00:38.51.5","10","0.0","24","15","31","02:04:47","02:04:51","2,535","2,589"
Mountain Biking,2022-09-08 06:18:07,false,"Cajicá - Resistencia con montaña Z4 (MTB)","38.09","870","02:27:52","119","141","2.1","0","0","15.5","60.3","654","664","0.00","0.0","0.0","0","60","206","--","0.0","--","0","0","61.3","1.9","8245","0","0","0","0:00","9.0","0:00","No","05:00.00","5","0.0","24","16","31","02:26:41","02:27:52","2,558","3,146"
Road Cycling,2022-09-07 05:19:41,false,"Cajicá - Intervalos Hiit","65.85","1,168","02:34:47","127","168","3.4","0","0","25.5","53.7","665","680","0.00","0.0","0.0","0","68","182","147","120.3","184","107","678","0.0","0.0","8703","0","0","0","0:00","8.0","0:00","No","00:02.42.1","60","0.0","26","15","36","02:34:11","02:34:47","2,499","2,926"
Indoor Cycling,2022-09-06 20:29:18,false,"Resistencia (Rodillo)","20.36","409","00:56:26","115","134","2.0","0","0","21.6","33.4","--","--","0.00","0.0","0.0","0","76","98","109","24.0","118","100","251","0.0","0.0","4074","0","0","0","0:00","19.0","0:00","No","00:12.30.3","5","0.0","23","14","30","00:51:20","00:56:49","--","--"
Road Cycling,2022-09-04 06:49:01,false,"Tenjo Road Cycling","129.91","2,995","05:46:22","141","181","5.0","0","0","22.5","61.1","2,277","2,265","0.00","0.0","0.0","0","69","166","168","350.3","202","123","731","0.0","0.0","19089","0","0","0","0:00","11.0","0:00","No","03:10.66.4","17","0.0","30","13","42","05:45:56","06:42:08","1,185","2,748"
Road Cycling,2022-09-03 06:54:59,false,"Cajicá - Resistencia en llano","93.12","1,448","03:02:37","121","154","3.5","0","0","30.6","56.5","354","356","0.00","0.0","0.0","0","75","177","131","111.8","139","111","622","0.0","0.0","12455","0","0","0","0:00","12.0","0:00","No","00:01.31.5","15","0.0","24","13","34","03:01:55","03:02:37","2,574","2,642"
Road Cycling,2022-09-02 05:44:32,false,"Cajicá Road Cycling","38.94","709","01:40:34","125","186","3.6","0","0","23.2","47.9","480","488","0.00","0.0","0.0","0","64","141","158","89.2","225","96","668","0.0","0.0","4822","0","0","0","0:00","9.0","0:00","No","02:16.83.9","7","0.0","26","15","43","01:40:27","01:44:07","2,571","2,977"
Road Cycling,2022-08-31 05:17:54,false,"Cajicá - Intervalos 2S 3x4' en Z5,5","71.12","1,031","02:12:56","126","167","3.1","0","0","32.1","55.0","192","201","0.00","0.0","0.0","0","74","165","135","86.4","154","109","660","0.0","0.0","9113","0","0","0","0:00","10.0","0:00","No","01:26.66.3","20","0.0","25","13","37","02:12:34","02:12:58","2,558","2,592"
Mountain Biking,2022-08-30 05:59:48,false,"Cajicá - Resistencia con montaña Z4","33.35","764","02:14:40","125","171","2.7","0","0","14.9","37.9","588","605","0.00","0.0","0.0","0","0","0","--","0.0","--","0","0","57.8","2.4","--","0","0","0","0:00","6.0","0:00","No","04:37.59.2","5","0.0","24","15","37","02:12:05","02:22:14","2,573","2,958"
Road Cycling,2022-08-28 06:41:29,false,"Cajicá Road Cycling","82.42","1,547","03:06:19","136","178","4.0","0","0","26.5","62.7","1,095","1,075","0.00","0.0","0.0","0","76","157","166","183.5","201","118","655","0.0","0.0","11060","0","0","0","0:00","10.0","0:00","No","02:57.69","11","0.0","27","13","40","03:05:15","04:53:59","2,540","3,303"
Road Cycling,2022-08-27 07:13:24,false,"Tenjo Road Cycling","115.11","2,277","05:15:36","134","184","4.5","0","0","21.9","63.2","1,689","1,648","0.00","0.0","0.0","0","70","215","148","247.3","191","98","700","0.0","0.0","16628","0","0","0","0:00","11.0","0:00","No","07:39.37.7","15","0.0","27","13","40","05:14:45","07:05:31","1,663","2,759"
Road Cycling,2022-08-26 05:11:35,false,"Cajicá - Pirámide Z6","58.45","968","02:34:33","135","177","3.3","0","0","22.7","48.8","608","612","0.00","0.0","0.0","0","67","156","147","107.5","185","96","630","0.0","0.0","7091","0","0","0","0:00","6.0","0:00","No","00:30.00","31","0.0","26","14","39","02:17:51","02:20:48","2,576","3,074"
Road Cycling,2022-08-25 06:11:56,false,"Cajicá - Resistencia en llano","63.99","939","02:02:35","129","157","3.0","0","0","31.3","45.3","182","197","0.00","0.0","0.0","0","77","155","126","70.1","137","106","731","0.0","0.0","8500","0","0","0","0:00","10.0","0:00","No","00:02.35.7","12","0.0","25","16","34","02:02:15","02:03:20","2,568","2,606"
Road Cycling,2022-08-24 05:15:39,false,"Cajicá - Intervalos Variado","71.28","1,084","02:28:48","129","168","3.1","0","0","28.7","61.2","413","422","0.00","0.0","0.0","0","73","146","131","91.3","148","100","652","0.0","0.0","9596","0","0","0","0:00","4.0","0:00","No","00:02.96.7","22","0.0","25","15","38","02:28:28","02:28:48","2,571","2,738"
Road Cycling,2022-08-23 05:49:29,false,"Resistencia en llano","61.76","927","02:02:44","122","155","2.8","0","0","30.2","51.1","207","219","0.00","0.0","0.0","0","77","159","121","64.9","127","105","673","0.0","0.0","8712","0","0","0","0:00","6.0","0:00","No","00:04.56.6","12","0.0","23","14","30","02:02:23","02:03:24","2,547","2,584"
Road Cycling,2022-08-21 07:22:29,false,"Cajicá Road Cycling","91.82","1,775","03:55:39","137","188","4.2","0","0","23.4","51.8","1,173","1,155","0.00","0.0","0.0","0","75","162","153","199.5","202","104","677","0.0","0.0","13026","0","0","0","0:00","10.0","0:00","No","08:43.39.2","12","0.0","27","14","41","03:55:16","05:15:53","2,569","3,143"
Road Cycling,2022-08-20 07:18:38,false,"Cajicá - Resistencia con montaña","77.86","1,675","04:06:17","132","189","4.1","0","0","19.0","53.4","1,168","996","0.00","0.0","0.0","0","71","184","155","192.7","205","103","825","0.0","0.0","12159","0","0","0","0:00","12.0","0:00","No","03:26.88.4","13","0.0","26","14","42","03:40:25","05:30:13","2,576","2,913"
Road Cycling,2022-08-19 05:27:14,false,"Guasca - Pirámide Z5","48.00","1,089","02:04:42","141","182","4.0","0","0","23.1","65.9","997","1,000","0.00","0.0","0.0","0","66","155","160","115.4","188","125","412","0.0","0.0","7080","0","0","0","0:00","3.0","0:00","No","00:30.00","29","0.0","28","16","38","02:04:27","02:06:30","2,598","3,356"
Road Cycling,2022-08-18 05:40:32,false,"Cajicá - Fuerza Z3 en llano","63.36","975","02:06:57","129","152","3.0","0","0","29.9","49.1","217","228","0.00","0.0","0.0","0","69","124","124","70.4","134","107","528","0.0","0.0","8146","0","0","0","0:00","3.0","0:00","No","00:03.85.4","13","0.0","25","16","33","02:06:40","02:06:57","2,578","2,618"
Road Cycling,2022-08-17 05:37:17,false,"Cajicá - Resistencia con montaña Z4","44.26","949","02:10:25","133","180","3.2","0","0","20.4","52.9","784","792","0.00","0.0","0.0","0","66","151","146","99.2","196","100","722","0.0","0.0","6550","0","0","0","0:00","7.0","0:00","No","00:07.90.6","11","0.0","26","13","40","02:08:08","02:10:25","2,575","2,980"
Road Cycling,2022-08-14 05:26:07,false,"Cartagena Road Cycling","88.22","1,678","02:51:36","158","197","5.0","0","0","30.8","66.2","420","437","0.00","0.0","0.0","0","80","159","189","217.1","226","143","869","0.0","0.0","12579","0","0","0","0:00","24.0","0:00","No","02:36.75.7","12","0.0","34","18","44","02:50:39","04:15:58","-12","77"
Road Cycling,2022-08-13 05:53:27,false,"Cartagena - Recovery","38.83","575","01:54:17","106","142","2.0","0","0","20.4","37.3","92","87","0.00","0.0","0.0","0","72","178","80","26.4","85","64","481","0.0","0.0","6377","0","0","0","0:00","24.0","0:00","No","19:00.37.4","5","0.0","20","13","31","01:42:54","03:04:07","-11","17"
Road Cycling,2022-08-10 04:51:58,false,"Cajicá - Resistencia en llano","51.29","823","01:59:37","124","160","3.0","0","0","25.7","49.5","133","142","0.00","0.0","0.0","0","80","144","121","64.9","113","93","550","0.0","0.0","8645","0","0","0","0:00","9.0","0:00","No","00:01.26.1","10","0.0","24","13","35","01:46:15","01:59:37","2,566","2,607"
Road Cycling,2022-08-09 18:36:08,false,"Cajicá - RampUp (MODIFICADO)","27.74","504","01:04:11","122","161","2.9","0","0","25.9","43.5","--","7","0.00","0.0","0.0","0","74","118","127","38.6","144","110","258","0.0","0.0","4720","0","0","0","0:00","18.0","0:00","No","00:03.17.4","18","0.0","24","14","36","01:03:16","01:05:52","2,588","2,603"
Mountain Biking,2022-08-06 05:43:57,false,"Purificación Mountain Biking","94.21","1,977","05:11:42","134","173","4.0","0","0","18.1","49.8","1,457","1,465","0.00","0.0","0.0","0","68","183","--","0.0","--","0","0","153.2","1.9","18719","0","0","0","0:00","17.0","0:00","No","05:11:41.63.6","1","0.0","27","13","38","05:03:37","05:25:58","301","1,419"
Mountain Biking,2022-08-05 06:09:42,false,"Purificación - Recovery","36.77","513","01:41:58","117","156","1.6","0","0","21.6","48.7","234","246","0.00","0.0","0.0","0","70","109","--","0.0","--","0","0","17.7","2.2","6249","0","0","0","0:00","22.0","0:00","No","00:04.57.2","3","0.0","22","13","30","01:39:55","01:41:58","299","374"
Mountain Biking,2022-08-04 05:52:53,false,"Purificación - Resistencia en llano","56.14","856","02:34:58","125","154","2.3","0","0","21.7","34.9","211","225","0.00","0.0","0.0","0","77","109","--","0.0","--","0","0","7.3","1.2","11665","0","0","0","0:00","21.0","0:00","No","00:03.42","5","0.0","24","15","34","02:34:51","02:35:02","234","328"
Road Cycling,2022-08-03 05:30:45,false,"Cajicá - Intervalos Z5-Z2","47.26","692","01:40:56","128","154","2.9","0","0","28.1","47.5","168","176","0.00","0.0","0.0","0","67","115","131","64.2","131","95","697","0.0","0.0","6037","0","0","0","0:00","9.0","0:00","No","01:00.00","38","0.0","25","16","34","01:39:52","01:40:56","2,579","2,616"
Road Cycling,2022-08-02 05:12:53,false,"Cajicá - Resistencia variado","56.97","898","02:04:17","128","170","3.4","0","0","27.5","55.8","348","356","0.00","0.0","0.0","0","77","179","131","79.8","147","99","613","0.0","0.0","8349","0","0","0","0:00","10.0","0:00","No","04:16.55.8","9","0.0","25","14","37","02:03:43","02:04:17","2,565","2,744"
Road Cycling,2022-07-31 06:43:06,false,"Cajicá Road Cycling","111.61","2,691","05:48:16","141","189","5.0","0","0","19.2","68.2","2,243","2,189","0.00","0.0","0.0","0","70","183","146","266.9","191","109","619","0.0","0.0","18500","0","0","0","0:00","9.0","0:00","No","02:09.81.7","15","0.0","29","12","42","05:43:48","08:28:54","1,889","3,221"
Road Cycling,2022-07-30 07:06:35,false,"Cajicá - Resistencia en llano","52.36","1,091","02:32:47","142","195","4.5","0","0","20.6","52.3","754","741","0.00","0.0","0.0","0","68","153","139","107.2","174","97","626","0.0","0.0","8345","0","0","0","0:00","12.0","0:00","No","00:01.79.7","10","0.0","26","11","44","02:32:16","04:10:01","2,574","2,923"
Road Cycling,2022-07-29 06:08:17,false,"Cajicá - Tempo 2 x 20'","62.77","970","02:07:37","141","181","4.0","0","0","29.5","49.5","209","208","0.00","0.0","0.0","0","76","158","130","78.0","159","106","493","0.0","0.0","8608","0","0","0","0:00","10.0","0:00","No","02:36.89.5","12","0.0","27","11","41","02:03:06","02:08:15","2,578","2,630"
Road Cycling,2022-07-28 06:08:16,false,"Cajicá - Resistencia con montaña","43.99","942","02:04:04","144","189","4.7","0","0","21.3","55.4","718","725","0.00","0.0","0.0","0","65","169","153","98.9","185","105","525","0.0","0.0","6030","0","0","0","0:00","9.0","0:00","No","04:04.31.7","8","0.0","27","10","43","02:03:18","02:04:04","2,580","3,007"
Road Cycling,2022-07-27 05:59:14,false,"Cajicá - Resistencia en llano","56.94","899","01:55:53","126","158","3.0","0","0","29.5","54.0","199","206","0.00","0.0","0.0","0","69","156","128","64.7","140","107","492","0.0","0.0","7279","0","0","0","0:00","9.0","0:00","No","00:01.41.1","11","0.0","24","10","37","01:54:14","01:55:53","2,569","2,626"
Road Cycling,2022-07-19 06:32:39,false,"East Brunswick - Intervalos 2S 3x4' en Z5,5","72.05","1,350","02:54:29","0","0","2.2","0","0","24.8","56.2","552","553","0.00","0.0","0.0","0","67","149","144","122.8","143","108","656","0.0","0.0","9902","0","0","0","0:00","22.0","0:00","No","03:47.22.3","20","0.0","--","--","--","02:48:43","02:56:46","-4","87"
Road Cycling,2022-07-17 07:19:31,false,"East Brunswick Ciclismo en ruta","90.05","1,431","03:50:16","0","0","1.2","0","0","23.5","46.1","362","340","0.00","0.0","0.0","0","67","176","116","105.8","111","82","641","0.0","0.0","12804","0","0","0","0:00","21.0","0:00","No","05:02.93.2","12","0.0","--","--","--","03:49:37","04:33:11","-1","52"
Road Cycling,2022-07-15 06:47:54,false,"East Brunswick - Tempo 2 x 20'","59.30","1,065","02:27:45","120","156","3.0","0","0","24.1","55.7","451","441","0.00","0.0","0.0","0","68","152","134","90.4","134","99","704","0.0","0.0","8154","0","0","0","0:00","20.0","0:00","No","00:02.06.3","14","0.0","23","13","33","02:16:18","02:31:42","-3","91"
Road Cycling,2022-07-14 06:46:18,false,"East Brunswick - Resistencia en llano","59.99","1,108","02:42:04","119","172","3.0","0","0","22.2","63.9","442","433","0.00","0.0","0.0","0","63","156","137","103.8","138","92","618","0.0","0.0","8194","0","0","0","0:00","21.0","0:00","No","00:06.07.8","10","0.0","23","13","39","02:31:06","02:54:25","-5","149"
Road Cycling,2022-07-13 06:35:51,false,"East Brunswick - Intervalos en llano","55.09","1,040","02:25:45","119","163","3.0","0","0","22.7","47.9","188","171","0.00","0.0","0.0","0","61","114","128","81.8","124","97","663","0.0","0.0","7887","0","0","0","0:00","22.0","0:00","No","00:02.03.6","17","0.0","23","13","37","02:19:21","02:31:33","0","53"
Road Cycling,2022-07-12 06:45:47,false,"East Brunswick - Resistencia variado","72.29","1,381","02:56:21","122","172","3.4","0","0","24.6","56.9","601","576","0.00","0.0","0.0","0","71","155","143","123.5","147","109","760","0.0","0.0","10349","0","0","0","0:00","20.0","0:00","No","00:01.91.4","11","0.0","24","13","37","02:47:56","03:15:56","6","112"
Road Cycling,2022-07-10 06:06:09,false,"East Brunswick Ciclismo en ruta","85.49","1,499","03:32:13","108","157","3.0","0","0","24.2","43.1","349","337","0.00","0.0","0.0","0","68","173","126","113.6","118","96","555","0.0","0.0","12470","0","0","0","0:00","17.0","0:00","No","12:02.70.2","11","0.0","21","13","29","03:31:32","03:51:26","-8","41"
Road Cycling,2022-07-08 07:20:58,false,"East Brunswick - Fuerza Z3 en llano","54.50","1,084","02:16:16","119","152","3.0","0","0","24.0","44.4","196","181","0.00","0.0","0.0","0","65","162","131","79.0","128","111","695","0.0","0.0","7893","0","0","0","0:00","20.0","0:00","No","00:07.01.8","11","0.0","23","15","33","02:12:29","02:28:17","3","49"
Road Cycling,2022-07-07 06:48:07,false,"East Brunswick - Resistencia variado","58.54","1,073","02:34:33","105","164","2.7","0","0","22.7","54.7","459","461","0.00","0.0","0.0","0","65","192","135","96.3","137","94","653","0.0","0.0","7760","0","0","0","0:00","21.0","0:00","No","00:02.08.9","10","0.0","20","12","32","02:24:05","02:35:10","0","92"
Road Cycling,2022-07-06 07:26:08,false,"East Brunswick - Intervalos Z4-Z2","44.90","859","02:09:15","108","147","2.6","0","0","20.8","43.2","177","176","0.00","0.0","0.0","0","54","135","119","62.3","122","91","411","0.0","0.0","6171","0","0","0","0:00","24.0","0:00","No","00:01.53.4","49","0.0","20","12","29","02:05:47","02:10:50","0","36"
Road Cycling,2022-07-05 09:37:05,false,"East Brunswick - Resistencia en llano","55.51","1,078","02:30:05","111","154","2.9","0","0","22.2","43.9","231","211","0.00","0.0","0.0","0","60","153","123","77.2","122","98","637","0.0","0.0","7670","0","0","0","0:00","27.0","0:00","No","00:02.64.2","11","0.0","21","13","33","02:24:01","02:30:29","6","54"
Road Cycling,2022-07-01 06:52:57,false,"East Brunswick - Resistencia variado","175.89","3,296","08:27:08","135","176","4.7","0","0","20.8","54.1","1,229","1,226","0.00","0.0","0.0","0","68","237","135","313.1","147","86","795","0.0","0.0","23193","0","0","0","0:00","22.0","0:00","No","00:35.13.9","25","0.0","26","12","41","07:37:32","10:26:43","4","234"
Road Cycling,2022-06-28 06:59:32,false,"East Brunswick - Recovery","32.99","617","01:35:47","105","133","2.0","0","0","20.7","44.6","154","161","0.00","0.0","0.0","0","62","146","111","40.1","98","85","543","0.0","0.0","4770","0","0","0","0:00","18.0","0:00","No","05:47.32.9","5","0.0","20","12","26","01:30:21","01:39:02","3","42"
Road Cycling,2022-06-27 07:02:27,false,"Waterford Ciclismo en ruta","77.74","1,459","02:58:06","109","141","3.1","0","0","26.2","41.0","311","287","0.00","0.0","0.0","0","66","154","140","119.0","144","115","646","0.0","0.0","10363","0","0","0","0:00","22.0","0:00","No","14:33.12.9","10","0.0","21","10","31","02:57:24","03:06:55","14","66"
Road Cycling,2022-06-26 06:58:46,false,"East Brunswick - Resistencia variado","75.32","1,454","03:22:24","106","148","2.9","0","0","22.3","55.3","610","602","0.00","0.0","0.0","0","57","148","134","124.1","129","98","627","0.0","0.0","8908","0","0","0","0:00","21.0","0:00","No","00:02.00","13","0.0","20","11","30","03:10:04","03:22:24","4","95"
Road Cycling,2022-06-24 06:48:59,false,"East Brunswick - Easy ride","43.75","806","02:05:15","104","139","2.2","0","0","21.0","51.1","335","332","0.00","0.0","0.0","0","71","163","128","69.3","108","85","711","0.0","0.0","6556","0","0","0","0:00","18.0","0:00","No","00:07.40.7","7","0.0","20","13","29","01:56:49","02:05:15","8","50"
Road Cycling,2022-06-23 06:38:27,false,"East Brunswick - Tempo 2 x 20'","53.30","1,061","02:20:13","116","143","2.7","0","0","22.8","44.7","287","281","0.00","0.0","0.0","0","67","211","134","85.5","129","104","764","0.0","0.0","7627","0","0","0","0:00","16.0","0:00","No","00:02.60.5","11","0.0","22","14","30","02:12:33","02:22:36","9","47"
Road Cycling,2022-06-22 06:40:22,false,"East Brunswick - Resistencia variado","53.18","1,110","02:22:11","121","167","3.1","0","0","22.4","61.8","433","436","0.00","0.0","0.0","0","68","165","150","108.2","144","108","670","0.0","0.0","7699","0","0","0","0:00","19.0","0:00","No","00:02.85.7","9","0.0","23","14","38","02:15:33","02:22:11","3","149"
Road Cycling,2022-06-21 18:08:32,false,"East Brunswick - Resistencia en llano","47.08","968","02:00:56","121","152","2.9","0","0","23.4","49.5","284","283","0.00","0.0","0.0","0","63","153","146","87.4","151","114","694","0.0","0.0","6387","0","0","0","0:00","21.0","0:00","No","00:02.89.5","35","0.0","23","14","32","01:55:35","02:00:59","18","59"
Road Cycling,2022-06-20 10:28:59,false,"East Brunswick - Resistencia en llano","103.05","1,926","04:31:58","121","162","3.4","0","0","22.7","47.2","462","434","0.00","0.0","0.0","0","64","164","129","153.1","137","96","692","0.0","0.0","13641","0","0","0","0:00","22.0","0:00","No","00:40.72","17","0.0","23","14","34","04:22:42","04:31:58","15","68"
Road Cycling,2022-06-18 06:39:56,false,"East Brunswick - Intervalos 2S 4x3' en Z4","89.04","1,838","04:05:08","124","169","3.6","0","0","21.8","63.2","795","794","0.00","0.0","0.0","0","65","163","149","184.7","152","104","673","0.0","0.0","12286","0","0","0","0:00","17.0","0:00","No","01:11.26.1","27","0.0","24","14","38","03:52:32","04:06:25","1","154"
Road Cycling,2022-06-17 06:49:36,false,"East Brunswick - Resistencia variado","48.93","1,029","02:04:39","127","168","3.1","0","0","23.6","47.9","350","344","0.00","0.0","0.0","0","64","165","162","111.6","161","116","777","0.0","0.0","6316","0","0","0","0:00","21.0","0:00","No","00:11.56.5","9","0.0","24","14","35","01:50:47","02:07:31","4","43"
Road Cycling,2022-06-16 06:40:25,false,"East Brunswick - Resistencia variado","12.95","265","00:46:11","105","155","1.2","0","0","16.8","41.0","95","86","0.00","0.0","0.0","0","64","104","121","21.4","89","78","469","0.0","0.0","2007","0","0","0","0:00","16.0","0:00","No","15:00.00","2","0.0","20","12","29","00:38:59","01:07:13","-20","30"
Road Cycling,2022-06-15 06:54:11,false,"East Brunswick - Fuerza Z3 en llano","44.06","875","01:55:19","121","156","2.8","0","0","22.9","49.0","284","293","0.00","0.0","0.0","0","58","197","141","77.2","136","106","734","0.0","0.0","5489","0","0","0","0:00","18.0","0:00","No","04:19.20.9","8","0.0","23","15","32","01:49:01","01:55:19","7","48"
Road Cycling,2022-06-11 06:09:30,false,"Purificación - Resistencia en llano","100.97","1,788","03:52:24","118","169","3.6","0","0","26.1","45.0","316","352","0.00","0.0","0.0","0","65","176","145","167.0","146","107","634","0.0","0.0","13289","0","0","0","0:00","20.0","0:00","No","10:00.00","14","0.0","22","12","31","03:50:10","03:52:24","301","424"
Road Cycling,2022-06-10 05:39:56,false,"Purificación - Pirámide Z5","27.50","725","01:57:13","129","186","3.6","0","0","14.1","36.1","556","560","0.00","0.0","0.0","0","45","166","157","98.2","202","83","478","0.0","0.0","3672","0","0","0","0:00","21.0","0:00","No","00:03.29.6","27","0.0","26","11","42","01:47:50","01:58:08","317","741"
Road Cycling,2022-06-08 05:42:51,false,"Cajicá - Resistencia en llano","60.88","919","02:06:11","128","160","3.0","0","0","28.9","51.2","204","211","0.00","0.0","0.0","0","61","155","122","63.6","125","100","476","0.0","0.0","6921","0","0","0","0:00","10.0","0:00","No","02:55.92.9","10","0.0","25","14","35","02:03:26","02:06:26","2,566","2,604"
Road Cycling,2022-06-05 06:15:31,false,"Arbeláez Ciclismo en ruta","63.98","2,262","04:00:12","149","181","5.0","0","0","16.0","49.2","1,977","1,043","0.00","0.0","0.0","0","68","211","179","256.3","218","138","681","0.0","0.0","12437","0","0","0","0:00","16.0","0:00","No","24:10.99.6","8","0.0","31","12","41","03:42:20","04:09:53","1,263","2,693"
Road Cycling,2022-06-04 06:58:07,false,"Cajicá - Easy ride","40.16","586","01:30:19","118","151","2.4","0","0","26.7","50.2","172","167","0.00","0.0","0.0","0","74","161","118","42.8","107","86","795","0.0","0.0","5530","0","0","0","0:00","13.0","0:00","No","00:18.52","6","0.0","23","13","30","01:26:50","01:30:19","2,569","2,624"
Road Cycling,2022-06-03 05:46:07,false,"Cajicá - Resistencia en llano","56.89","874","01:55:34","126","157","2.9","0","0","29.5","49.1","161","162","0.00","0.0","0.0","0","71","165","124","60.4","129","104","691","0.0","0.0","7433","0","0","0","0:00","11.0","0:00","No","01:51.38.9","10","0.0","24","14","33","01:51:07","02:05:42","2,502","2,599"
Road Cycling,2022-06-02 06:00:43,false,"Cajicá - Fuerza Z3 en llano","55.95","915","02:03:46","121","151","2.9","0","0","27.1","46.3","233","245","0.00","0.0","0.0","0","65","159","125","66.1","131","101","750","0.0","0.0","7268","0","0","0","0:00","7.0","0:00","No","00:04.01.4","11","0.0","23","16","30","02:02:32","02:05:14","2,579","2,627"
Road Cycling,2022-06-01 05:55:58,false,"Cajicá - Resistencia con montaña","43.36","937","02:04:03","132","172","2.8","0","0","21.0","56.7","628","638","0.00","0.0","0.0","0","61","179","150","94.5","182","104","670","0.0","0.0","6018","0","0","0","0:00","8.0","0:00","No","02:43.88.6","8","0.0","26","19","37","02:03:48","02:04:03","2,579","2,918"
Road Cycling,2022-05-31 05:52:57,false,"Cajicá - Intervalos Z4-Z2","51.83","680","01:51:28","125","164","2.5","0","0","27.9","52.8","203","216","0.00","0.0","0.0","0","72","177","--","0.0","--","0","0","0.0","0.0","7533","0","0","0","0:00","7.0","0:00","No","01:00.00","36","0.0","25","17","36","01:51:08","01:51:28","2,570","2,629"
Road Cycling,2022-05-28 05:20:04,false,"Chía Ciclismo en ruta","197.31","4,302","08:44:52","144","180","5.0","0","0","22.6","68.2","3,061","3,046","0.00","0.0","0.0","0","71","161","157","434.8","207","117","521","0.0","0.0","29363","0","0","0","0:00","10.0","0:00","No","11:41.42.6","25","0.0","29","16","41","08:17:13","09:17:22","1,389","2,852"
Road Cycling,2022-05-25 06:13:28,false,"Cajicá - Entrenamiento cruzado","34.37","544","01:11:28","124","156","2.5","0","0","28.9","55.6","142","144","0.00","0.0","0.0","0","75","159","131","41.1","120","105","586","0.0","0.0","4810","0","0","0","0:00","13.0","0:00","No","08:24.75.6","5","0.0","24","17","30","01:10:08","01:11:28","2,568","2,604"
Road Cycling,2022-05-24 06:04:07,false,"Cajicá - Intervalos de fuerza de 5 min.","55.17","1,225","02:21:49","141","185","4.4","0","0","23.3","59.1","903","906","0.00","0.0","0.0","0","64","151","165","130.7","209","123","532","0.0","0.0","7467","0","0","0","0:00","10.0","0:00","No","00:22.75.2","22","0.0","28","13","42","02:21:38","02:23:36","2,568","3,176"
Road Cycling,2022-05-23 06:39:19,false,"Cajicá Ciclismo en ruta","28.73","564","01:13:02","133","178","3.2","0","0","23.6","51.5","335","327","0.00","0.0","0.0","0","67","119","162","63.0","187","107","679","0.0","0.0","3869","0","0","0","0:00","11.0","0:00","No","13:38.27.8","4","0.0","27","15","40","01:10:55","01:13:02","2,570","2,869"
Indoor Cycling,2022-05-19 06:43:04,false,"Escapadas (3 veces)","26.24","547","01:01:08","137","167","2.9","0","0","25.7","42.3","--","--","0.00","0.0","0.0","0","53","134","150","45.3","152","129","436","0.0","0.0","3204","0","0","0","0:00","17.0","0:00","No","00:03.56.6","16","0.0","27","16","37","01:00:55","01:01:08","--","--"
Road Cycling,2022-05-17 06:03:52,false,"Cajicá - Intervalos de fuerza de 5 min.","32.37","664","01:25:05","138","183","3.5","0","0","22.8","50.3","408","419","0.00","0.0","0.0","0","63","152","159","71.3","192","110","603","0.0","0.0","4228","0","0","0","0:00","11.0","0:00","No","00:00.98.2","20","0.0","27","15","41","01:24:41","01:25:05","2,579","2,841"
Road Cycling,2022-05-15 06:59:52,false,"Tenjo Ciclismo en ruta","100.14","2,514","05:31:47","141","189","5.0","0","0","18.1","69.8","1,948","1,920","0.00","0.0","0.0","0","71","160","158","246.0","189","115","684","0.0","0.0","16357","0","0","0","0:00","13.0","0:00","No","08:45.03.3","14","0.0","29","13","43","04:33:46","06:29:00","1,244","2,837"
Road Cycling,2022-05-14 08:19:46,false,"Cajicá - Zona 2: Entrenamiento aeróbico","29.02","454","01:38:49","112","152","2.1","0","0","17.6","45.0","248","244","0.00","0.0","0.0","0","54","184","97","30.4","78","54","405","0.0","0.0","3464","0","0","0","0:00","17.0","0:00","No","14:25.73.2","4","0.0","22","13","31","01:34:28","01:38:49","2,566","2,677"
Road Cycling,2022-05-13 17:11:23,false,"Cajicá - Entrenamiento cruzado","20.08","391","00:52:27","115","142","2.1","0","0","23.0","37.3","6","9","0.00","0.0","0.0","0","56","157","118","23.6","126","102","283","0.0","0.0","2799","0","0","0","0:00","21.0","0:00","No","10:47.76.5","3","0.0","21","13","29","00:51:01","00:59:55","2,584","2,610"
Road Cycling,2022-05-11 06:58:54,false,"Cajicá - Zona 2: Entrenamiento aeróbico","28.35","499","01:43:12","108","136","1.9","0","0","16.5","39.6","327","142","0.00","0.0","0.0","0","56","160","96","29.9","93","60","388","0.0","0.0","3852","0","0","0","0:00","11.0","0:00","No","00:11.75.6","5","0.0","21","14","31","01:34:48","01:43:12","2,564","2,816"
Road Cycling,2022-05-10 06:32:26,false,"Cajicá Ciclismo en ruta","22.72","283","01:07:58","111","139","1.5","0","0","20.1","41.9","140","141","0.00","0.0","0.0","0","58","164","94","19.7","77","47","363","0.0","0.0","2525","0","0","0","0:00","12.0","0:00","No","20:48.26","3","0.0","22","12","31","01:03:34","01:14:23","2,581","2,669"
Road Cycling,2022-05-08 08:09:47,false,"Sopó - Zona 2: Entrenamiento aeróbico","103.93","2,205","04:53:24","129","177","3.3","0","0","21.3","73.4","1,447","1,418","0.00","0.0","0.0","0","66","161","133","125.3","179","92","595","0.0","0.0","10587","0","0","0","0:00","16.0","0:00","No","02:37.26.8","14","0.0","26","16","39","04:22:56","05:45:38","2,126","2,861"
Road Cycling,2022-05-04 06:06:53,false,"Purificación Ciclismo en ruta","24.06","620","01:04:44","139","180","3.5","0","0","22.3","46.8","354","354","0.00","0.0","0.0","0","69","156","195","80.5","200","138","592","0.0","0.0","3644","0","0","0","0:00","22.0","0:00","No","15:33.46.1","3","0.0","28","16","40","01:03:39","01:10:39","317","593"
Road Cycling,2022-05-03 06:16:27,false,"Purificación Ciclismo en ruta","36.66","739","01:20:08","136","183","3.3","0","0","27.5","49.4","216","224","0.00","0.0","0.0","0","74","148","184","88.9","185","132","610","0.0","0.0","5048","0","0","0","0:00","23.0","0:00","No","11:41.23.6","5","0.0","27","14","40","01:17:49","01:20:08","306","379"
Road Cycling,2022-05-02 06:08:48,false,"Purificación Ciclismo en ruta","48.34","1,177","02:03:25","148","189","5.0","0","0","23.5","48.6","560","577","0.00","0.0","0.0","0","74","161","189","141.6","233","142","850","0.0","0.0","7459","0","0","0","0:00","22.0","0:00","No","00:16.00.7","7","0.0","30","13","43","01:56:01","02:03:25","285","717"
Road Cycling,2022-04-30 06:23:10,false,"Cajicá Ciclismo en ruta","82.41","1,761","04:13:08","135","186","5.0","0","0","19.5","58.9","1,174","1,175","0.00","0.0","0.0","0","68","169","151","188.2","212","96","837","0.0","0.0","11530","0","0","0","0:00","9.0","0:00","No","05:18.33.8","11","0.0","27","14","42","03:52:24","05:30:32","2,579","2,947"
Road Cycling,2022-04-29 05:59:51,false,"Cajicá - Zona 2: Entrenamiento aeróbico","60.36","1,202","02:24:06","137","179","4.6","0","0","25.1","49.8","678","693","0.00","0.0","0.0","0","76","182","159","121.5","200","117","690","0.0","0.0","8849","0","0","0","0:00","11.0","0:00","No","01:05.14.7","9","0.0","28","16","40","02:20:14","02:24:06","2,561","3,164"
Indoor Cycling,2022-04-28 17:54:16,false,"Intervalos de 5 min. a ritmo","28.04","502","01:06:05","121","154","2.6","0","0","25.5","39.1","--","--","0.00","0.0","0.0","0","67","142","122","32.6","129","107","282","0.0","0.0","4350","0","0","0","0:00","19.0","0:00","No","00:26.87.5","20","0.0","22","12","30","01:04:52","01:06:55","--","--"
Road Cycling,2022-04-27 18:19:13,false,"Cajicá - Intervalos de la zona 5 (5 veces)","1.72","507","01:02:31","131","163","3.1","0","0","1.7","12.4","2","4","0.00","0.0","0.0","0","52","79","148","45.6","159","114","431","0.0","0.0","3055","0","0","0","0:00","17.0","0:00","No","00:05.13.1","18","0.0","26","13","37","00:12:43","01:02:35","2,572","2,598"
Road Cycling,2022-04-26 05:58:16,false,"Cajicá Ciclismo en ruta","66.10","1,098","02:06:12","144","183","3.7","0","0","31.4","52.1","269","286","0.00","0.0","0.0","0","69","248","--","0.0","--","0","0","0.0","0.0","7746","0","0","0","0:00","9.0","0:00","No","04:24.93.6","9","0.0","28","11","40","02:05:42","02:06:12","2,570","2,611"
Mountain Biking,2022-04-25 17:10:56,false,"Cajicá Ciclismo de montaña","28.03","572","01:30:40","126","181","3.2","0","0","18.6","39.4","316","320","0.00","0.0","0.0","0","59","148","--","0.0","--","0","0","31.0","1.8","4141","0","0","0","0:00","11.0","0:00","No","01:30:40.18.5","1","0.0","23","11","40","01:30:16","01:30:40","2,577","2,805"
Road Cycling,2022-04-23 09:33:17,false,"Ibagué Ciclismo en ruta","62.56","1,466","03:42:57","127","180","3.7","0","0","16.8","65.7","992","999","0.00","0.0","0.0","0","61","198","137","136.4","167","90","652","0.0","0.0","9198","0","0","0","0:00","21.0","0:00","No","13:22.05.4","8","0.0","21","10","39","03:24:04","07:39:11","625","1,250"
Road Cycling,2022-04-22 06:04:28,false,"Ibagué Ciclismo en ruta","42.98","1,074","02:28:03","139","186","4.4","0","0","17.4","56.3","815","822","0.00","0.0","0.0","0","65","157","167","129.3","172","105","669","0.0","0.0","6021","0","0","0","0:00","15.0","0:00","No","08:15.27.8","6","0.0","24","11","42","02:08:23","02:28:03","1,147","1,825"
Road Cycling,2022-04-20 06:29:28,false,"Cajicá - Zona 5: 20 s e intervalos a ritmo de 40 s.","26.99","534","01:57:10","111","162","2.7","0","0","13.8","44.4","305","202","0.00","0.0","0.0","0","51","183","115","47.2","143","58","676","0.0","0.0","3464","0","0","0","0:00","9.0","0:00","No","00:05.00","39","0.0","17","10","37","01:37:11","02:16:09","2,582","2,833"
Road Cycling,2022-04-19 05:47:06,false,"Cajicá - Zona 2: Entrenamiento aeróbico","47.96","792","01:41:03","132","169","3.2","0","0","28.5","54.8","157","169","0.00","0.0","0.0","0","73","151","138","60.3","148","109","537","0.0","0.0","6134","0","0","0","0:00","9.0","0:00","No","14:27.39","6","0.0","25","10","38","01:34:54","01:41:03","2,559","2,596"
Mountain Biking,2022-04-06 17:02:25,false,"Cajicá Ciclismo de montaña","15.88","605","01:21:43","138","181","3.3","0","0","11.7","36.8","439","451","0.00","0.0","0.0","0","46","224","--","0.0","--","0","0","46.7","2.5","2539","0","0","0","0:00","13.0","0:00","No","01:21:43.36.7","1","0.0","26","11","41","01:17:04","01:21:43","2,574","2,843"
Road Cycling,2022-04-02 08:43:33,false,"Sopó Ciclismo en ruta","53.09","886","02:57:46","107","155","2.1","0","0","17.9","54.5","412","401","0.00","0.0","0.0","0","61","161","107","52.8","118","74","454","0.0","0.0","6878","0","0","0","0:00","12.0","0:00","No","13:36.83","7","0.0","16","10","34","02:22:12","02:57:46","2,589","2,764"
Road Cycling,2022-04-01 06:11:54,false,"Cajicá - Prueba de forma física (20 min.)","34.20","724","01:36:42","0","0","1.2","0","0","21.2","45.7","421","428","0.00","0.0","0.0","0","62","148","157","74.9","217","103","633","0.0","0.0","4837","0","0","0","0:00","8.0","0:00","No","00:05.00","13","0.0","--","--","--","01:36:16","01:39:27","2,552","2,891"
Mountain Biking,2022-03-31 06:08:10,false,"Cajicá - Zona 2: Entrenamiento aeróbico","34.18","650","01:44:18","123","162","2.3","0","0","19.7","49.5","438","448","0.00","0.0","0.0","0","62","128","--","0.0","--","0","0","39.7","1.4","4955","0","0","0","0:00","11.0","0:00","No","44:17.94.9","2","0.0","22","10","36","01:44:00","01:44:18","2,541","2,824"
Road Cycling,2022-03-30 05:58:14,false,"Cajicá - Prueba de forma física (3 min. + 10 min.)","47.29","813","01:36:10","123","164","3.0","0","0","29.5","50.5","160","169","0.00","0.0","0.0","0","72","128","143","61.6","155","120","422","0.0","0.0","6420","0","0","0","0:00","10.0","0:00","No","00:05.00","16","0.0","24","13","36","01:35:20","01:36:10","2,566","2,634"
Road Cycling,2022-03-29 06:19:52,false,"Cajicá Ciclismo en ruta","28.36","537","01:34:05","109","143","2.0","0","0","18.1","39.5","338","338","0.00","0.0","0.0","0","59","162","111","36.3","124","74","402","0.0","0.0","3972","0","0","0","0:00","10.0","0:00","No","10:55.31.4","4","0.0","19","10","31","01:30:42","01:38:54","2,565","2,827"
Road Cycling,2022-03-27 05:30:21,false,"Bogotá, D.C. Ciclismo en ruta","113.25","2,919","05:51:42","148","187","5.0","0","0","19.3","62.3","2,347","2,388","0.00","0.0","0.0","0","67","214","174","323.5","213","120","784","0.0","0.0","16321","0","0","0","0:00","9.0","0:00","No","04:14.31.7","15","0.0","29","10","42","05:23:22","07:34:11","1,967","3,339"
Road Cycling,2022-03-26 07:18:36,false,"Cajicá Ciclismo en ruta","51.35","749","02:09:07","112","159","2.2","0","0","23.9","48.0","272","257","0.00","0.0","0.0","0","72","184","105","44.7","98","75","677","0.0","0.0","6954","0","0","0","0:00","14.0","0:00","No","08:25.87.7","7","0.0","17","10","31","02:06:21","02:22:33","2,544","2,657"
Mountain Biking,2022-03-25 06:22:02,false,"Cajicá Ciclismo de montaña","12.90","564","01:14:56","138","184","3.4","0","0","10.3","46.2","404","402","0.00","0.0","0.0","0","0","0","--","0.0","--","0","0","43.7","2.8","--","0","0","0","0:00","11.0","0:00","No","01:14:55.95.8","1","0.0","25","11","41","01:04:47","01:14:56","2,585","2,856"
Road Cycling,2022-03-24 06:21:03,false,"Cajicá Ciclismo en ruta","47.34","785","01:31:03","127","166","2.9","0","0","31.2","53.5","174","173","0.00","0.0","0.0","0","78","155","146","60.7","142","122","560","0.0","0.0","6391","0","0","0","0:00","10.0","0:00","No","14:04.98.2","6","0.0","25","12","34","01:30:57","01:31:03","2,561","2,598"
Road Cycling,2022-03-20 13:51:46,false,"Santafé de Antioquia Ciclismo en ruta","3.82","110","00:20:59","119","144","0.7","0","0","10.9","24.1","72","22","0.00","0.0","0.0","0","55","87","99","6.4","66","65","313","0.0","0.0","845","0","0","0","0:00","35.0","0:00","No","20:59.31.4","1","0.0","21","12","29","00:18:37","00:20:59","517","587"
Road Cycling,2022-03-20 06:00:23,false,"Santafé de Antioquia - Carrera Century","157.55","3,112","06:01:59","141","189","5.0","0","0","26.1","66.9","1,158","1,216","0.00","0.0","0.0","0","70","162","189","371.6","237","132","889","0.0","0.0","18440","0","0","0","0:00","21.0","0:00","No","00:17.57","21","0.0","26","10","43","05:17:28","06:44:24","488","597"
Mountain Biking,2022-03-17 06:25:06,false,"Cajicá Ciclismo de montaña","36.39","410","01:45:50","104","147","0.5","0","0","20.6","44.7","159","166","0.00","0.0","0.0","0","0","0","--","0.0","--","0","0","7.6","1.5","--","0","0","0","0:00","11.0","0:00","No","01:45:50.37.1","1","0.0","16","10","32","01:35:56","01:45:50","2,562","2,602"
Road Cycling,2022-03-16 06:14:26,false,"Cajicá Ciclismo en ruta","34.17","719","01:37:00","133","185","3.6","0","0","21.1","57.4","424","429","0.00","0.0","0.0","0","67","153","162","83.1","219","101","493","0.0","0.0","4896","0","0","0","0:00","10.0","0:00","No","06:30.62.7","5","0.0","26","12","42","01:34:39","01:37:00","2,573","2,917"
Road Cycling,2022-03-15 06:11:16,false,"Cajicá Ciclismo en ruta","37.87","522","01:32:44","99","136","1.6","0","0","24.5","38.9","105","121","0.00","0.0","0.0","0","67","160","90","24.8","85","72","402","0.0","0.0","5219","0","0","0","0:00","9.0","0:00","No","15:22.56.5","5","0.0","14","10","25","01:32:15","01:32:44","2,571","2,632"
Road Cycling,2022-03-13 08:20:37,false,"Cajicá Ciclismo en ruta","22.90","353","01:10:24","105","144","1.2","0","0","19.5","45.7","108","110","0.00","0.0","0.0","0","62","178","102","21.9","89","66","456","0.0","0.0","2896","0","0","0","0:00","16.0","0:00","No","15:04.59.8","3","0.0","14","10","27","00:58:36","01:10:24","2,536","2,584"
Road Cycling,2022-03-12 07:10:09,false,"Cajicá Ciclismo en ruta","94.74","1,989","05:06:04","126","180","4.1","0","0","18.6","48.3","732","714","0.00","0.0","0.0","0","68","184","141","177.8","216","95","698","0.0","0.0","13410","0","0","0","0:00","14.0","0:00","No","04:36.92.8","13","0.0","23","10","41","04:05:14","06:10:14","2,540","2,959"
Mountain Biking,2022-03-11 06:06:05,false,"Cajicá Ciclismo de montaña","32.23","687","02:00:25","123","180","3.3","0","0","16.1","39.4","461","476","0.00","0.0","0.0","0","0","0","--","0.0","--","0","0","43.7","1.9","--","0","0","0","0:00","6.0","0:00","No","02:00:25.04.6","1","0.0","23","10","41","01:53:46","02:00:25","2,561","2,928"
Mountain Biking,2022-03-10 06:06:46,false,"Cajicá Ciclismo de montaña","35.86","781","01:45:33","135","180","3.6","0","0","20.4","50.0","522","530","0.00","0.0","0.0","0","0","0","--","0.0","--","0","0","44.2","1.6","--","0","0","0","0:00","7.0","0:00","No","01:45:33.04.5","1","0.0","26","11","40","01:45:33","01:45:33","2,567","2,919"
Road Cycling,2022-03-06 08:31:54,false,"Villeta Ciclismo en ruta","105.91","3,433","07:12:14","137","172","5.0","0","0","14.7","68.0","2,476","788","0.00","0.0","0.0","0","57","162","144","277.3","172","116","480","0.0","0.0","19236","0","0","0","0:00","11.0","0:00","No","04:07.42.7","14","0.0","26","10","40","06:33:22","09:37:40","721","2,787"
Road Cycling,2022-03-05 12:01:14,false,"Facatativá Ciclismo en ruta","46.98","464","02:04:34","115","167","2.3","0","0","22.6","59.6","174","1,828","0.00","0.0","0.0","0","64","164","107","44.4","143","39","525","0.0","0.0","2602","0","0","0","0:00","16.0","0:00","No","11:24.21.6","6","0.0","17","10","37","01:42:28","02:28:13","951","2,727"
Road Cycling,2022-03-05 09:22:53,false,"Cajicá - Zona 2: Entrenamiento aeróbico","59.99","1,027","02:32:35","124","159","2.8","0","0","23.6","48.6","273","237","0.00","0.0","0.0","0","70","163","120","70.6","116","92","548","0.0","0.0","8300","0","0","0","0:00","22.0","0:00","No","17:02.41.6","8","0.0","19","10","32","02:21:40","02:32:35","2,568","2,656"
Road Cycling,2022-03-02 05:52:15,false,"Cajicá Ciclismo en ruta","32.97","761","01:25:31","138","185","3.7","0","0","23.1","56.3","465","467","0.00","0.0","0.0","0","72","171","173","83.3","219","126","580","0.0","0.0","4822","0","0","0","0:00","9.0","0:00","No","02:28.18.2","5","0.0","27","15","41","01:25:26","01:25:31","2,567","2,996"
Road Cycling,2022-03-01 05:59:30,false,"Cajicá Ciclismo en ruta","28.41","608","01:16:57","126","163","2.8","0","0","22.2","44.0","313","318","0.00","0.0","0.0","0","67","160","157","64.8","172","110","618","0.0","0.0","4000","0","0","0","0:00","10.0","0:00","No","10:39.69.7","4","0.0","23","10","37","01:16:56","01:16:57","2,572","2,869"
Road Cycling,2022-02-27 07:48:32,false,"Subachoque Ciclismo en ruta","32.36","1,274","03:24:45","131","181","0.0","0","0","9.5","66.5","936","666","0.00","0.0","0.0","0","53","254","158","149.9","178","92","658","0.0","0.0","5802","0","0","0","0:00","14.0","0:00","No","02:06.66.1","5","0.0","23","10","41","02:31:28","03:36:59","2,671","3,133"
Road Cycling,2022-02-27 06:32:31,false,"Cajicá Ciclismo en ruta","25.37","632","01:12:01","135","185","3.5","0","0","21.1","57.5","414","326","0.00","0.0","0.0","0","68","159","171","72.0","212","124","529","0.0","0.0","3919","0","0","0","0:00","11.0","0:00","No","06:41.80.5","4","0.0","27","11","41","01:10:25","01:12:01","2,581","2,918"
Mountain Biking,2022-02-23 06:16:40,false,"Cajicá Ciclismo de montaña","37.80","946","01:46:10","143","180","3.8","0","0","21.4","52.0","566","580","0.00","0.0","0.0","0","0","0","--","0.0","--","0","0","55.4","1.4","--","0","0","0","0:00","7.0","0:00","No","01:46:09.98.1","1","0.0","27","11","41","01:46:10","01:46:10","2,544","2,831"
Road Cycling,2022-02-22 06:39:38,false,"Cajicá Ciclismo en ruta","29.77","672","01:16:49","140","179","3.4","0","0","23.3","50.3","410","412","0.00","0.0","0.0","0","66","157","186","91.3","199","124","587","0.0","0.0","3906","0","0","0","0:00","10.0","0:00","No","12:32.97.4","4","0.0","28","13","41","01:16:48","01:16:49","2,556","2,817"
Road Cycling,2022-02-20 07:06:13,false,"Tenjo Ciclismo en ruta","74.13","1,947","04:47:02","125","171","3.9","0","0","15.5","66.5","1,000","875","0.00","0.0","0.0","0","64","184","160","206.1","204","107","705","0.0","0.0","10495","0","0","0","0:00","10.0","0:00","No","12:39.64.8","10","0.0","22","10","39","03:37:00","05:58:58","2,107","2,856"
Road Cycling,2022-02-18 06:02:46,false,"Cajicá Ciclismo en ruta","33.34","731","01:28:18","143","182","3.8","0","0","22.7","47.3","473","489","0.00","0.0","0.0","0","68","158","173","90.5","213","116","553","0.0","0.0","4366","0","0","0","0:00","9.0","0:00","No","03:51.90.2","5","0.0","30","12","42","01:27:07","01:28:18","2,543","2,976"
Road Cycling,2022-02-17 05:52:04,false,"Cajicá Ciclismo en ruta","29.72","633","01:20:44","133","182","3.3","0","0","22.1","45.0","410","419","0.00","0.0","0.0","0","64","158","178","87.2","195","109","895","0.0","0.0","3735","0","0","0","0:00","10.0","0:00","No","13:15.68.9","4","0.0","26","11","41","01:20:34","01:20:44","2,561","2,824"
Road Cycling,2022-02-16 05:57:31,false,"Cajicá - Repeticiones en cuesta de picos de potencia y desc","57.03","1,087","02:02:15","133","175","3.5","0","0","28.0","55.3","360","376","0.00","0.0","0.0","0","67","183","160","107.2","172","126","729","0.0","0.0","7132","0","0","0","0:00","10.0","0:00","No","00:42.85.4","9","0.0","26","13","39","02:01:39","02:02:15","2,566","2,825"
Road Cycling,2022-02-15 06:02:32,false,"Cajicá Ciclismo en ruta","48.23","790","01:35:53","128","163","2.9","0","0","30.2","54.3","169","178","0.00","0.0","0.0","0","68","156","145","69.3","147","115","659","0.0","0.0","5565","0","0","0","0:00","9.0","0:00","No","13:17.07.2","6","0.0","24","11","36","01:35:09","01:51:48","2,568","2,607"
Road Cycling,2022-02-13 07:40:11,false,"Sopó Ciclismo en ruta","76.90","1,730","04:26:57","132","178","4.0","0","0","17.3","65.0","1,148","1,142","0.00","0.0","0.0","0","63","184","147","180.2","173","95","866","0.0","0.0","10481","0","0","0","0:00","9.0","0:00","No","10:10.27.3","10","0.0","24","10","41","03:33:46","06:40:53","2,577","3,354"
Mountain Biking,2022-02-10 06:01:24,false,"Cajicá Ciclismo de montaña","44.02","1,016","02:39:22","131","181","3.3","0","0","16.6","38.5","536","543","0.00","0.0","0.0","0","58","159","--","0.0","--","0","0","50.9","2.1","7005","0","0","0","0:00","7.0","0:00","No","02:39:22.22.4","1","0.0","24","10","41","02:34:21","02:39:22","2,574","3,000"
Mountain Biking,2022-02-09 05:59:25,false,"Cajicá Ciclismo de montaña","43.74","1,002","02:24:01","131","173","3.1","0","0","18.2","53.2","701","700","0.00","0.0","0.0","0","56","116","--","0.0","--","0","0","61.6","1.8","5975","0","0","0","0:00","10.0","0:00","No","02:24:01.37.1","1","0.0","24","10","39","02:21:14","02:24:01","2,570","2,980"
Mountain Biking,2022-02-06 07:06:51,false,"Cajicá Ciclismo de montaña","87.93","2,354","06:34:51","125","188","3.9","0","0","13.4","55.7","1,149","1,132","0.00","0.0","0.0","0","60","139","--","0.0","--","0","0","97.8","1.7","11673","0","0","0","0:00","11.0","0:00","No","06:34:50.53.1","1","0.0","22","10","42","04:22:10","06:34:51","2,579","2,907"
Road Cycling,2022-02-04 06:21:59,false,"Cajicá Ciclismo en ruta","28.55","534","01:13:28","134","180","3.1","0","0","23.3","46.3","345","347","0.00","0.0","0.0","0","59","163","155","64.1","178","100","782","0.0","0.0","3165","0","0","0","0:00","9.0","0:00","No","11:08.81.2","4","0.0","25","13","41","01:13:28","01:13:28","2,574","2,861"
Road Cycling,2022-02-03 05:55:07,false,"Cajicá Ciclismo en ruta","54.38","1,262","02:29:00","140","174","4.2","0","0","21.9","61.1","880","897","0.00","0.0","0.0","0","61","173","166","154.6","189","119","704","0.0","0.0","7109","0","0","0","0:00","4.0","0:00","No","15:26.19.8","7","0.0","28","12","40","02:28:54","02:29:00","2,578","2,927"
Mountain Biking,2022-02-01 05:47:45,false,"Cajicá - Entrenamiento cruzado","31.40","767","01:41:57","141","178","3.7","0","0","18.5","45.1","453","463","0.00","0.0","0.0","0","62","155","--","0.0","--","0","0","42.5","2.0","4891","0","0","0","0:00","4.0","0:00","No","00:15.91.3","2","0.0","28","12","41","01:40:04","01:41:57","2,568","2,969"
Road Cycling,2022-01-31 06:10:23,false,"Cajicá - Zona 2: Entrenamiento aeróbico","28.46","469","01:21:54","120","159","2.3","0","0","20.8","45.1","339","349","0.00","0.0","0.0","0","63","164","114","39.5","135","74","491","0.0","0.0","3943","0","0","0","0:00","4.0","0:00","No","04:51.29.2","5","0.0","22","10","37","01:21:18","01:21:54","2,574","2,879"
Road Cycling,2022-01-30 07:10:45,false,"Sopó Ciclismo en ruta","78.65","1,725","04:42:50","136","180","3.8","0","0","16.7","57.8","1,162","1,154","0.00","0.0","0.0","0","65","162","136","157.2","166","98","685","0.0","0.0","10830","0","0","0","0:00","7.0","0:00","No","08:21.15.3","11","0.0","26","10","41","03:20:40","04:42:50","2,576","3,328"
Road Cycling,2022-01-29 07:28:52,false,"Cajicá Ciclismo en ruta","56.41","887","02:40:26","121","167","3.0","0","0","21.1","47.2","352","351","0.00","0.0","0.0","0","61","169","123","80.0","125","79","775","0.0","0.0","6339","0","0","0","0:00","11.0","0:00","No","00:19.44.1","8","0.0","22","10","37","02:18:36","02:40:26","2,561","2,814"
Road Cycling,2022-01-27 06:17:11,false,"Cajicá Ciclismo en ruta","28.44","521","01:15:52","131","167","2.9","0","0","22.5","45.7","333","344","0.00","0.0","0.0","0","61","120","132","49.7","147","92","428","0.0","0.0","3639","0","0","0","0:00","7.0","0:00","No","10:35.12.9","4","0.0","24","11","38","01:13:48","01:15:52","2,565","2,830"
Road Cycling,2022-01-26 06:11:54,false,"Cajicá Ciclismo en ruta","53.88","1,104","02:15:59","149","179","4.2","0","0","23.8","56.7","886","893","0.00","0.0","0.0","0","65","144","154","121.6","185","113","623","0.0","0.0","7085","0","0","0","0:00","9.0","0:00","No","11:11.36.4","7","0.0","30","11","41","02:15:35","02:15:59","2,575","3,179"
Mountain Biking,2022-01-25 06:30:08,false,"Cajicá - Entrenamiento cruzado","33.53","670","01:47:23","126","165","2.4","0","0","18.7","45.0","418","430","0.00","0.0","0.0","0","56","116","--","0.0","--","0","0","42.7","1.6","4730","0","0","0","0:00","8.0","0:00","No","47:22.50","2","0.0","23","11","35","01:47:22","01:47:23","2,480","2,847"
Indoor Cycling,2022-01-25 06:27:30,false,"Entrenamiento cruzado","0.00","5","00:02:14.5","90","101","0.0","0","0","--","--","--","--","0.00","0.0","0.0","0","59","84","--","0.0","--","0","0","0.0","0.0","61","0","0","0","0:00","17.0","0:00","No","00:10.96.1","2","0.0","14","12","15","00:00:00","00:02:14.5","--","--"
Indoor Cycling,2022-01-24 12:35:22,false,"Ciclismo en sala","15.13","220","00:40:57","104","118","0.9","0","0","22.2","28.8","--","--","0.00","0.0","0.0","0","76","96","71","7.3","75","68","146","0.0","0.0","3047","0","0","0","0:00","22.0","0:00","No","40:57.14.9","1","0.0","15","10","26","00:40:54","00:40:57","--","--"
Mountain Biking,2022-01-22 07:27:12,false,"Cajicá - Zona 2: Entrenamiento aeróbico","77.85","2,195","05:14:57","143","181","4.7","0","0","14.8","64.8","1,694","1,666","0.00","0.0","0.0","0","60","242","--","0.0","--","0","0","172.2","1.7","13306","0","0","0","0:00","9.0","0:00","No","02:14:56.60.2","2","0.0","27","10","40","04:57:23","05:14:57","2,576","3,481"
Road Cycling,2022-01-21 06:05:19,false,"Cajicá - Sprints de máximo esfuerzo de 6 s","28.32","529","01:19:01","129","169","2.8","0","0","21.5","49.5","334","345","0.00","0.0","0.0","0","60","157","138","53.6","141","92","678","0.0","0.0","3765","0","0","0","0:00","6.0","0:00","No","00:03.89","35","0.0","24","10","36","01:15:31","01:19:01","2,552","2,817"
Mountain Biking,2022-01-20 06:04:15,false,"Cajicá - Zona 2: Entrenamiento aeróbico","31.42","802","01:48:54","140","181","3.8","0","0","17.3","37.0","467","466","0.00","0.0","0.0","0","56","128","--","0.0","--","0","0","46.7","2.2","4605","0","0","0","0:00","5.0","0:00","No","18:54.03.1","2","0.0","28","13","41","01:47:29","01:48:54","2,569","2,943"
Road Cycling,2022-01-19 06:16:45,false,"Cajicá - Intervalos de la zona 5 (5 veces)","42.02","900","02:01:53","138","174","3.7","0","0","20.7","50.0","712","720","0.00","0.0","0.0","0","67","242","153","102.1","166","101","550","0.0","0.0","6145","0","0","0","0:00","9.0","0:00","No","00:14.36.1","7","0.0","27","10","39","02:01:39","02:01:53","2,571","3,011"
Road Cycling,2022-01-18 06:31:29,false,"Cajicá - Entrenamiento cruzado","37.34","778","01:49:53","135","176","3.7","0","0","20.4","45.4","578","583","0.00","0.0","0.0","0","65","158","155","92.8","168","97","715","0.0","0.0","5143","0","0","0","0:00","11.0","0:00","No","08:33.83.5","6","0.0","26","10","41","01:43:34","01:49:53","2,573","2,864"
Road Cycling,2022-01-16 07:16:15,false,"Cajicá Ciclismo en ruta","34.05","643","01:40:21","132","187","3.7","0","0","20.4","45.0","432","437","0.00","0.0","0.0","0","62","162","142","72.7","190","84","771","0.0","0.0","4511","0","0","0","0:00","9.0","0:00","No","06:38.09.5","5","0.0","26","11","43","01:39:54","01:40:21","2,572","2,908"
Road Cycling,2022-01-15 06:58:33,false,"Cajicá - Zona 2: Entrenamiento aeróbico","66.75","1,126","03:17:18","122","158","3.1","0","0","20.3","50.3","648","659","0.00","0.0","0.0","0","62","171","108","80.3","133","73","638","0.0","0.0","8967","0","0","0","0:00","9.0","0:00","No","11:22.55.2","9","0.0","22","10","36","03:04:44","03:17:18","2,566","2,991"
Road Cycling,2022-01-14 06:36:53,false,"Cajicá Ciclismo en ruta","36.34","578","01:07:07","150","176","3.6","0","0","32.5","53.1","176","186","0.00","0.0","0.0","0","75","155","152","54.1","151","122","614","0.0","0.0","4613","0","0","0","0:00","11.0","0:00","No","09:24.67.7","5","0.0","31","16","40","01:06:37","01:07:07","2,542","2,594"
Mountain Biking,2022-01-12 06:26:20,false,"Cajicá Ciclismo de montaña","34.19","951","01:32:29","157","179","5.0","0","0","22.2","51.4","421","427","0.00","0.0","0.0","0","64","122","--","0.0","--","0","0","37.6","1.9","5011","0","0","0","0:00","8.0","0:00","No","01:32:28.62.4","1","0.0","33","15","40","01:30:46","01:32:29","2,564","2,844"
Road Cycling,2022-01-11 06:54:55,false,"Cajicá Ciclismo en ruta","28.51","524","01:12:43","148","179","3.5","0","0","23.5","47.8","333","340","0.00","0.0","0.0","0","65","140","140","50.4","161","98","520","0.0","0.0","3875","0","0","0","0:00","12.0","0:00","No","10:14.09.8","4","0.0","29","12","41","01:12:31","01:12:43","2,524","2,785"
Road Cycling,2022-01-10 09:23:51,false,"Cajicá Ciclismo en ruta","28.61","621","02:13:44","117","163","2.3","0","0","12.8","38.9","346","332","0.00","0.0","0.0","0","57","150","110","45.3","123","60","400","0.0","0.0","4112","0","0","0","0:00","17.0","0:00","No","11:41.94.7","4","0.0","18","10","36","01:37:11","02:13:44","2,577","2,842"
Road Cycling,2021-12-31 06:47:36,false,"Purificación Ciclismo en ruta","42.24","727","02:05:07","121","188","2.9","0","0","20.3","42.6","311","281","0.00","0.0","0.0","0","63","184","163","106.0","113","77","650","0.0","0.0","5306","0","0","0","0:00","23.0","0:00","No","07:58.00","6","0.0","21","11","42","01:47:36","02:05:07","296","368"
Mountain Biking,2021-12-30 09:22:12,false,"Purificación Ciclismo de montaña","38.25","1,390","03:05:12","143","189","5.0","0","0","12.4","53.1","803","776","0.00","0.0","0.0","0","54","113","--","0.0","--","0","0","87.7","2.8","6181","0","0","0","0:00","23.0","0:00","No","03:05:11.95.7","1","0.0","27","10","43","02:40:56","03:05:12","317","747"
Mountain Biking,2021-12-30 09:19:58,false,"Ciclismo de montaña","0.00","6","00:01:00.6","110","116","0.0","0","0","--","--","--","--","0.00","0.0","0.0","0","37","70","--","0.0","--","0","0","--","--","27","0","0","0","0:00","27.0","0:00","No","01:00.58","1","0.0","23","21","24","00:00:00","00:01:00.6","291","294"
Road Cycling,2021-12-18 08:25:39,false,"Ibagué Ciclismo en ruta","47.01","927","02:32:45","119","187","3.6","0","0","18.5","59.7","712","708","0.00","0.0","0.0","0","62","229","172","137.7","193","86","633","0.0","0.0","5367","0","0","0","0:00","22.0","0:00","No","13:29.74.4","6","0.0","21","10","43","02:06:22","02:32:45","792","1,332"
Indoor Cycling,2021-12-15 06:40:08,false,"Aeróbica con intervalos a ritmo","27.23","545","01:07:54","146","170","2.8","0","0","24.1","39.1","--","--","0.00","0.0","0.0","0","56","100","133","40.7","130","113","260","0.0","0.0","3642","0","0","0","0:00","18.0","0:00","No","00:04.83.6","13","0.0","30","18","41","01:06:52","01:09:43","--","--"
Road Cycling,2021-12-14 06:23:01,false,"Cajicá - 10 Min. Intervalos de tempo","28.61","503","01:09:35","133","177","3.0","0","0","24.7","48.0","336","343","0.00","0.0","0.0","0","68","140","149","52.3","169","100","487","0.0","0.0","3868","0","0","0","0:00","6.0","0:00","No","00:01.57","13","0.0","25","12","40","01:08:59","01:14:33","2,569","2,834"
Mountain Biking,2021-12-12 08:31:51,false,"Purificación Ciclismo de montaña","52.75","1,439","03:32:11","133","172","3.8","0","0","14.9","41.9","946","928","0.00","0.0","0.0","0","60","121","--","0.0","--","0","0","99.2","1.9","9018","0","0","0","0:00","22.0","0:00","No","03:32:10.66","1","0.0","25","10","40","03:14:42","03:32:11","284","888"
Mountain Biking,2021-12-11 08:37:06,false,"Purificación Ciclismo de montaña","37.09","418","02:17:59","96","148","0.4","0","0","16.1","38.0","252","232","0.00","0.0","0.0","0","55","242","--","0.0","--","0","0","16.9","2.4","5672","0","0","0","0:00","24.0","0:00","No","02:17:59.22.4","1","0.0","14","10","31","02:04:32","02:45:20","308","380"
Mountain Biking,2021-12-09 05:42:54,false,"Cajicá Ciclismo de montaña","31.31","696","02:02:49","118","163","2.4","0","0","15.3","40.3","449","457","0.00","0.0","0.0","0","59","110","--","0.0","--","0","0","44.8","2.5","5167","0","0","0","0:00","11.0","0:00","No","02:02:49.31.7","1","0.0","21","10","37","01:54:41","02:02:49","2,578","2,941"
Road Cycling,2021-12-08 06:26:42,false,"Cajicá Ciclismo en ruta","81.99","1,709","04:12:05","129","175","4.0","0","0","19.5","59.1","1,395","1,388","0.00","0.0","0.0","0","65","166","151","184.2","194","93","669","0.0","0.0","11524","0","0","0","0:00","8.0","0:00","No","05:18.50.5","11","0.0","24","10","40","04:00:00","04:20:33","2,575","3,011"
Road Cycling,2021-12-07 06:21:45,false,"Cajicá - Zona 2: Entrenamiento aeróbico","53.86","1,123","02:09:57","144","178","4.0","0","0","24.9","57.2","877","886","0.00","0.0","0.0","0","73","166","163","113.6","190","122","679","0.0","0.0","7702","0","0","0","0:00","9.0","0:00","No","00:20.97.8","8","0.0","29","11","41","02:09:05","02:09:57","2,576","3,218"
Road Cycling,2021-12-06 06:01:47,false,"Cajicá Ciclismo en ruta","28.54","545","01:05:02","138","172","3.2","0","0","26.3","49.8","336","340","0.00","0.0","0.0","0","71","140","162","56.4","182","117","557","0.0","0.0","3897","0","0","0","0:00","9.0","0:00","No","09:04.79.1","4","0.0","28","13","39","01:05:01","01:05:02","2,545","2,806"
Road Cycling,2021-12-04 09:36:22,false,"Cajicá - Zona 2: Entrenamiento aeróbico","41.11","646","02:28:50","106","157","2.0","0","0","16.6","42.3","309","277","0.00","0.0","0.0","0","57","169","95","42.1","85","53","474","0.0","0.0","5264","0","0","0","0:00","21.0","0:00","No","14:00.17.6","6","0.0","16","10","35","02:08:03","02:28:50","2,569","2,710"
Road Cycling,2021-12-03 05:59:04,false,"Cajicá - Zona 2: Entrenamiento aeróbico","58.13","932","02:04:07","128","162","2.8","0","0","28.1","53.1","383","388","0.00","0.0","0.0","0","71","162","130","69.6","144","103","600","0.0","0.0","7784","0","0","0","0:00","9.0","0:00","No","11:05.18.5","8","0.0","24","11","40","02:03:51","02:18:23","2,573","2,785"
Road Cycling,2021-12-02 06:19:58,false,"Cajicá - Intervalos de umbral de 15 min.","48.88","1,044","02:09:28","135","178","3.7","0","0","22.7","56.7","736","745","0.00","0.0","0.0","0","59","183","155","103.6","196","112","669","0.0","0.0","6189","0","0","0","0:00","9.0","0:00","No","02:00.00","13","0.0","26","11","40","02:09:14","02:09:28","2,571","2,938"
Mountain Biking,2021-12-01 06:01:57,false,"Cajicá - Zona 2: Entrenamiento aeróbico","34.00","444","01:50:56","104","152","0.7","0","0","18.4","36.4","178","193","0.00","0.0","0.0","0","78","35","--","0.0","--","0","0","16.9","2.3","5746","0","0","0","0:00","5.0","0:00","No","20:56.21.3","2","0.0","17","10","30","01:41:50","01:50:56","2,579","2,691"
Mountain Biking,2021-11-29 06:26:54,false,"Cajicá Ciclismo de montaña","34.04","728","01:34:59","135","174","3.2","0","0","21.5","47.9","428","432","0.00","0.0","0.0","0","60","129","--","0.0","--","0","0","38.3","1.8","4327","0","0","0","0:00","8.0","0:00","No","01:34:58.60.6","1","0.0","26","11","39","01:34:59","01:34:59","2,576","2,894"
Road Cycling,2021-11-27 06:56:36,false,"Tenjo Ciclismo en ruta","64.16","1,386","02:48:29","141","184","4.2","0","0","22.8","66.7","962","965","0.00","0.0","0.0","0","67","154","162","142.2","205","118","502","0.0","0.0","8890","0","0","0","0:00","10.0","0:00","No","13:39.46.5","8","0.0","28","10","42","02:38:26","02:48:29","2,233","2,842"
Road Cycling,2021-11-26 06:11:02,false,"Cajicá - Intervalos de umbral de 15 min.","33.38","688","01:37:58","128","179","3.5","0","0","20.4","51.4","472","473","0.00","0.0","0.0","0","60","156","152","75.4","204","95","569","0.0","0.0","4116","0","0","0","0:00","10.0","0:00","No","01:32.61.1","13","0.0","23","10","41","01:32:42","01:37:58","2,568","2,973"
Road Cycling,2021-11-25 06:13:08,false,"Cajicá - Zona 2: Entrenamiento aeróbico","41.37","661","01:27:07","131","160","2.7","0","0","28.5","52.7","171","183","0.00","0.0","0.0","0","71","152","133","48.5","136","104","501","0.0","0.0","5067","0","0","0","0:00","12.0","0:00","No","03:37.15.4","6","0.0","25","11","35","01:22:53","01:27:07","2,561","2,600"
Road Cycling,2021-11-24 06:18:57,false,"Cajicá - Repeticiones en cuesta de picos de potencia y desc","36.84","832","01:46:53","140","182","3.9","0","0","20.7","56.5","615","627","0.00","0.0","0.0","0","68","157","178","107.6","192","107","665","0.0","0.0","4917","0","0","0","0:00","11.0","0:00","No","01:04.23","6","0.0","27","11","41","01:41:45","01:46:53","2,561","2,826"
Mountain Biking,2021-11-23 17:18:17,false,"Cajicá - Entrenamiento cruzado","16.05","589","01:35:02","124","174","2.8","0","0","10.1","34.8","540","551","0.00","0.0","0.0","0","42","173","--","0.0","--","0","0","59.7","2.3","2978","0","0","0","0:00","11.0","0:00","No","35:02.21.5","2","0.0","22","10","39","01:31:03","01:35:02","2,559","2,826"
Road Cycling,2021-11-21 07:14:00,false,"Bogotá, D.C. Ciclismo en ruta","85.72","2,510","05:59:07","140","181","5.0","0","0","14.3","59.4","2,230","2,325","0.00","0.0","0.0","0","68","159","158","241.2","199","109","585","0.0","0.0","14057","0","0","0","0:00","11.0","0:00","No","12:22.70","11","0.0","26","10","42","04:36:10","05:59:07","1,964","3,343"
Road Cycling,2021-11-20 10:37:54,false,"Sopó - Zona 2: Entrenamiento aeróbico","48.65","720","02:21:29","100","139","2.0","0","0","20.6","53.9","376","354","0.00","0.0","0.0","0","61","159","99","42.6","109","65","787","0.0","0.0","6092","0","0","0","0:00","21.0","0:00","No","01:50.79.1","7","0.0","15","10","29","02:06:49","02:21:29","2,579","2,775"
Road Cycling,2021-11-19 06:30:47,false,"Cajicá - Intervalos de umbral de 15 min.","34.16","696","01:45:51","135","186","3.6","0","0","19.4","51.7","426","436","0.00","0.0","0.0","0","64","228","157","76.7","206","92","605","0.0","0.0","4508","0","0","0","0:00","6.0","0:00","No","00:08.85.9","8","0.0","24","11","42","01:36:18","01:45:51","2,569","2,907"
Mountain Biking,2021-11-18 05:56:46,false,"Cajicá - Zona 2: Entrenamiento aeróbico","38.01","878","02:23:47","122","168","2.5","0","0","15.9","44.2","561","573","0.00","0.0","0.0","0","60","122","--","0.0","--","0","0","51.1","1.7","5618","0","0","0","0:00","4.0","0:00","No","53:47.11.7","2","0.0","22","10","38","02:08:46","02:23:47","2,577","2,893"
Indoor Cycling,2021-11-17 18:16:41,false,"Repeticiones en cuesta de picos de potencia y desc","21.40","456","00:50:19","136","170","3.0","0","0","25.5","34.5","--","--","0.00","0.0","0.0","0","61","131","164","43.0","159","131","441","0.0","0.0","3043","0","0","0","0:00","21.0","0:00","No","00:04.59","25","0.0","26","14","37","00:50:05","00:50:19","--","--"
Indoor Cycling,2021-11-16 18:22:47,false,"Entrenamiento cruzado","26.07","455","01:00:08","121","160","2.2","0","0","26.0","39.8","--","--","0.00","0.0","0.0","0","67","103","122","28.3","129","103","294","0.0","0.0","3858","0","0","0","0:00","22.0","0:00","No","00:07.63.1","2","0.0","23","11","35","00:58:48","01:02:43","--","--"
Road Cycling,2021-11-15 10:01:28,false,"Cajicá Ciclismo en ruta","34.07","726","02:16:59","109","171","2.5","0","0","14.9","47.6","440","419","0.00","0.0","0.0","0","55","184","135","74.7","155","69","614","0.0","0.0","4514","0","0","0","0:00","18.0","0:00","No","15:37.96.8","5","0.0","18","10","39","01:55:22","02:19:10","2,496","2,917"
Road Cycling,2021-11-13 06:55:08,false,"Cajicá - Zona 2: Entrenamiento aeróbico","101.63","2,631","05:53:47","144","181","5.0","0","0","17.2","57.9","2,241","2,208","0.00","0.0","0.0","0","61","167","150","248.5","185","104","559","0.0","0.0","15025","0","0","0","0:00","12.0","0:00","No","05:27.97","14","0.0","28","10","41","05:29:46","05:53:47","1,891","3,220"
Road Cycling,2021-11-11 06:29:40,false,"Cajicá Ciclismo en ruta","29.78","633","01:20:18","145","185","3.6","0","0","22.3","49.8","415","416","0.00","0.0","0.0","0","66","155","169","67.4","191","109","623","0.0","0.0","4011","0","0","0","0:00","10.0","0:00","No","11:56.84.6","4","0.0","28","11","42","01:17:28","01:20:18","2,574","2,887"
Mountain Biking,2021-11-10 06:09:13,false,"Cajicá Ciclismo de montaña","31.43","845","01:55:01","135","178","3.5","0","0","16.4","38.0","472","462","0.00","0.0","0.0","0","53","133","--","0.0","--","0","0","50.5","2.4","4445","0","0","0","0:00","8.0","0:00","No","01:55:00.73","1","0.0","26","15","40","01:48:28","01:55:01","2,582","2,941"
Road Cycling,2021-11-09 17:13:55,false,"Cajicá Ciclismo en ruta","20.22","615","01:30:58","136","186","3.6","0","0","13.3","38.8","450","461","0.00","0.0","0.0","0","55","146","165","69.5","178","95","545","0.0","0.0","3416","0","0","0","0:00","12.0","0:00","No","10:57.03.8","3","0.0","24","10","43","01:24:06","01:30:58","2,471","2,810"
Road Cycling,2021-11-07 07:40:09,false,"La Ceja Ciclismo en ruta","58.08","1,313","02:59:25","127","192","3.6","0","0","19.4","56.1","1,021","1,006","0.00","0.0","0.0","0","59","199","165","143.1","181","100","820","0.0","0.0","7527","0","0","0","0:00","16.0","0:00","No","05:10.13.5","8","0.0","22","10","43","02:49:36","03:29:52","2,142","2,541"
Road Cycling,2021-11-06 08:06:42,false,"Rionegro - Aeróbica","55.48","1,260","03:27:26","124","186","3.3","0","0","16.0","58.8","761","741","0.00","0.0","0.0","0","65","180","168","135.6","185","100","864","0.0","0.0","7502","0","0","0","0:00","18.0","0:00","No","03:19.80.7","8","0.0","21","10","40","02:28:35","04:29:55","2,102","2,524"
Road Cycling,2021-10-31 07:31:52,false,"Piedecuesta Ciclismo en ruta","101.24","2,918","06:19:40","165","181","4.5","0","0","16.0","58.7","2,725","2,611","0.00","0.0","0.0","0","61","161","157","275.7","199","108","737","0.0","0.0","16216","0","0","0","0:00","19.0","0:00","No","10:04.30.1","13","0.0","36","27","41","05:43:50","06:19:40","582","1,784"
Indoor Cycling,2021-10-27 06:06:52,false,"Entrenamiento cruzado","0.00","303","00:40:11","123","158","2.1","0","0","--","--","--","--","0.00","0.0","0.0","0","66","118","138","22.7","116","103","444","0.0","0.0","2599","0","0","0","0:00","20.0","0:00","No","40:11.25.9","1","0.0","23","15","34","00:00:00","00:40:11","--","--"
Road Cycling,2021-10-26 06:28:55,false,"Cajicá Ciclismo en ruta","28.41","569","01:17:34","134","181","3.2","0","0","22.0","44.7","339","342","0.00","0.0","0.0","0","64","148","165","60.6","174","103","723","0.0","0.0","3478","0","0","0","0:00","10.0","0:00","No","09:28.25.5","4","0.0","25","10","42","01:10:14","01:17:34","2,560","2,823"
Road Cycling,2021-10-24 06:57:33,false,"Sopó Ciclismo en ruta","102.27","2,062","04:16:05","150","189","5.0","0","0","24.0","71.8","1,428","1,421","0.00","0.0","0.0","0","68","214","171","204.3","205","121","811","0.0","0.0","12585","0","0","0","0:00","12.0","0:00","No","08:59.94.3","13","0.0","29","10","45","03:42:51","04:16:05","2,128","2,840"
Road Cycling,2021-10-23 07:18:59,false,"Cajicá Ciclismo en ruta","48.78","697","02:03:57","115","176","2.2","0","0","23.6","43.6","177","181","0.00","0.0","0.0","0","63","158","126","55.6","103","74","609","0.0","0.0","5996","0","0","0","0:00","16.0","0:00","No","01:46.59.7","7","0.0","17","10","35","01:52:02","02:06:48","2,572","2,603"
Road Cycling,2021-10-22 06:12:37,false,"Cajicá Ciclismo en ruta","34.39","698","01:47:54","123","182","2.9","0","0","19.1","42.6","429","438","0.00","0.0","0.0","0","60","155","141","63.7","168","86","779","0.0","0.0","4544","0","0","0","0:00","10.0","0:00","No","07:10.68.2","5","0.0","22","10","38","01:42:46","01:47:54","2,572","2,906"
Mountain Biking,2021-10-20 06:35:42,false,"Cajicá - Intervalos de la zona 5 (5 veces)","35.47","863","01:50:54","134","171","3.1","0","0","19.2","47.0","509","513","0.00","0.0","0.0","0","56","129","--","0.0","--","0","0","43.9","1.7","4516","0","0","0","0:00","8.0","0:00","No","00:03.85.1","18","0.0","25","11","38","01:49:36","01:50:54","2,564","2,893"
Road Cycling,2021-10-19 06:24:46,false,"Cajicá - Entrenamiento cruzado","28.54","557","01:10:56","136","179","3.1","0","0","24.1","45.2","338","346","0.00","0.0","0.0","0","66","145","157","52.1","179","108","649","0.0","0.0","3660","0","0","0","0:00","8.0","0:00","No","10:55.79.1","4","0.0","27","13","40","01:10:36","01:10:56","2,576","2,840"
Road Cycling,2021-10-17 07:01:59,false,"Ibagué Ciclismo en ruta","105.42","2,056","04:57:50","124","172","3.8","0","0","21.2","52.6","1,031","1,028","0.00","0.0","0.0","0","60","184","137","163.3","168","94","633","0.0","0.0","14206","0","0","0","0:00","20.0","0:00","No","03:55.06.9","14","0.0","21","10","39","04:36:15","04:57:50","378","1,100"
Mountain Biking,2021-10-15 06:13:27,false,"Cajicá Ciclismo de montaña","33.90","1,255","02:43:16","142","180","3.8","0","0","12.5","37.4","720","726","0.00","0.0","0.0","0","51","200","--","0.0","--","0","0","74.8","2.6","5562","0","0","0","0:00","8.0","0:00","No","02:43:16.28.2","1","0.0","27","11","41","02:30:50","02:43:16","2,583","2,941"
Mountain Biking,2021-10-13 17:07:00,false,"Cajicá Ciclismo de montaña","16.51","802","01:32:58","143","183","3.5","0","0","10.7","41.1","583","593","0.00","0.0","0.0","0","0","0","--","0.0","--","0","0","67.7","2.9","--","0","0","0","0:00","12.0","0:00","No","01:32:58.43.7","1","0.0","27","10","42","01:28:57","01:32:58","2,547","2,813"
Mountain Biking,2021-10-11 06:16:53,false,"Cajicá Ciclismo de montaña","32.67","960","01:48:30","144","180","--","0","0","18.1","44.7","589","528","0.00","0.0","0.0","0","0","0","--","0.0","--","0","0","58.1","1.6","--","0","0","0","0:00","10.0","0:00","No","01:48:29.93.6","1","0.0","29","11","41","01:44:54","01:48:30","2,571","2,865"
Road Cycling,2021-10-10 07:25:14,false,"Cajicá - Intervalos de 30 segundos (30 veces)","63.92","902","02:45:46","121","165","2.8","0","0","23.1","52.9","256","259","0.00","0.0","0.0","0","63","184","125","73.3","144","75","591","0.0","0.0","7721","0","0","0","0:00","14.0","0:00","No","00:05.00","76","0.0","19","10","37","02:29:09","02:45:46","2,570","2,626"
Road Cycling,2021-10-09 07:08:39,false,"Cajicá - Zona 2: Entrenamiento aeróbico","57.70","913","03:06:45","114","152","2.2","0","0","18.5","50.5","377","379","0.00","0.0","0.0","0","60","184","96","45.6","110","66","618","0.0","0.0","7452","0","0","0","0:00","13.0","0:00","No","07:04.91","8","0.0","18","10","31","02:34:43","03:06:45","2,571","2,742"
Road Cycling,2021-10-08 06:17:16,false,"Cajicá Ciclismo en ruta","33.56","734","01:42:46","141","184","3.7","0","0","19.6","42.8","408","417","0.00","0.0","0.0","0","64","148","156","75.0","201","96","669","0.0","0.0","4757","0","0","0","0:00","11.0","0:00","No","04:13.50.3","5","0.0","28","11","43","01:38:42","01:42:46","2,549","2,887"
Road Cycling,2021-10-06 06:08:33,false,"Cajicá Ciclismo en ruta","49.85","1,129","02:21:42","141","186","4.0","0","0","21.1","53.1","741","752","0.00","0.0","0.0","0","64","183","163","112.3","205","110","634","0.0","0.0","6944","0","0","0","0:00","10.0","0:00","No","04:47.73.4","7","0.0","27","11","43","02:20:56","02:21:42","2,558","2,892"
Road Cycling,2021-10-05 06:34:07,false,"Cajicá Ciclismo en ruta","28.52","579","01:21:02","130","174","3.2","0","0","21.1","47.9","329","338","0.00","0.0","0.0","0","66","108","163","61.3","189","101","703","0.0","0.0","3730","0","0","0","0:00","12.0","0:00","No","10:10.15.1","4","0.0","25","10","39","01:13:11","01:21:02","2,562","2,824"
Road Cycling,2021-10-04 16:48:06,false,"Cajicá Ciclismo en ruta","15.19","564","01:26:01","136","181","3.3","0","0","10.6","34.5","453","470","0.00","0.0","0.0","0","44","132","166","70.9","171","86","641","0.0","0.0","2464","0","0","0","0:00","15.0","0:00","No","30:05.57.6","2","0.0","25","10","42","01:23:28","01:26:01","2,591","2,852"
Road Cycling,2021-09-29 05:47:45,false,"Cajicá Ciclismo en ruta","53.96","1,185","02:29:53","144","174","3.8","0","0","21.6","58.5","884","893","0.00","0.0","0.0","0","66","167","155","105.5","184","111","718","0.0","0.0","7242","0","0","0","0:00","8.0","0:00","No","11:24.86.4","7","0.0","28","10","40","02:22:38","02:29:53","2,415","3,025"
Road Cycling,2021-09-28 06:17:55,false,"Cajicá Ciclismo en ruta","28.69","546","01:12:58","140","183","3.3","0","0","23.6","43.9","330","340","0.00","0.0","0.0","0","69","184","169","62.6","191","102","730","0.0","0.0","3724","0","0","0","0:00","10.0","0:00","No","11:33.03","4","0.0","27","14","42","01:12:48","01:12:58","2,561","2,911"
Road Cycling,2021-09-27 06:04:02,false,"Cajicá Ciclismo en ruta","29.81","607","01:30:11","131","174","2.9","0","0","19.8","44.8","418","422","0.00","0.0","0.0","0","60","148","154","63.4","165","89","587","0.0","0.0","3804","0","0","0","0:00","4.0","0:00","No","14:57.17.2","4","0.0","24","11","39","01:29:47","01:30:11","2,577","2,849"
Road Cycling,2021-09-26 06:17:32,false,"Cajicá Ciclismo en ruta","61.62","1,233","02:38:06","135","174","3.8","0","0","23.4","50.1","690","698","0.00","0.0","0.0","0","69","153","158","115.5","199","108","746","0.0","0.0","8176","0","0","0","0:00","7.0","0:00","No","12:22.94.3","8","0.0","26","10","40","02:31:38","02:38:06","2,567","3,184"
Road Cycling,2021-09-24 05:48:28,false,"Cajicá Ciclismo en ruta","33.70","747","01:44:47","139","186","3.6","0","0","19.3","56.0","426","440","0.00","0.0","0.0","0","62","183","159","75.4","204","99","625","0.0","0.0","4449","0","0","0","0:00","7.0","0:00","No","05:07.76","5","0.0","27","10","42","01:37:13","01:44:47","2,551","2,891"
Road Cycling,2021-09-22 05:28:58,false,"Cajicá Ciclismo en ruta","42.70","1,015","02:10:00","144","186","3.9","0","0","19.7","49.5","703","710","0.00","0.0","0.0","0","63","178","163","101.0","200","109","633","0.0","0.0","5792","0","0","0","0:00","9.0","0:00","No","06:26.98.6","6","0.0","28","11","43","02:04:35","02:10:00","2,569","2,977"
Road Cycling,2021-09-21 05:48:54,false,"Cajicá - Entrenamiento cruzado","38.22","954","01:47:58","151","181","3.9","0","0","21.2","57.0","624","634","0.00","0.0","0.0","0","65","182","190","115.2","201","125","796","0.0","0.0","5164","0","0","0","0:00","10.0","0:00","No","04:28.89.5","6","0.0","31","11","42","01:46:34","01:47:58","2,447","2,837"
Mountain Biking,2021-09-18 05:46:12,false,"Purificación Ciclismo de montaña","47.71","1,894","05:38:10","122","169","3.5","0","0","8.5","55.0","958","958","0.00","0.0","0.0","0","0","0","--","0.0","--","0","0","105.6","2.2","--","0","0","0","0:00","19.0","0:00","No","05:38:10.29.8","1","0.0","21","10","39","03:39:16","05:38:10","309","891"
Road Cycling,2021-09-17 05:39:46,false,"Purificación Ciclismo en ruta","37.12","874","02:05:57","130","192","3.2","0","0","17.7","52.8","241","251","0.00","0.0","0.0","0","70","153","194","115.4","198","108","863","0.0","0.0","5122","0","0","0","0:00","18.0","0:00","No","14:46.45.6","5","0.0","24","10","42","01:32:02","02:05:57","314","391"
Road Cycling,2021-09-16 05:56:42,false,"Purificación Ciclismo en ruta","26.46","806","02:33:01","119","182","3.5","0","0","10.4","37.5","527","533","0.00","0.0","0.0","0","48","162","158","94.1","210","75","570","0.0","0.0","3618","0","0","0","0:00","19.0","0:00","No","16:30.71.6","4","0.0","20","10","42","01:54:12","02:33:01","311","742"
Mountain Biking,2021-09-15 19:04:34,false,"Guamo Ciclismo de montaña","46.81","765","02:59:34","105","162","1.1","0","0","15.6","47.3","248","278","0.00","0.0","0.0","0","0","0","--","0.0","--","0","0","11.7","1.6","--","0","0","0","0:00","20.0","0:00","No","02:59:33.90.4","1","0.0","17","10","32","02:28:52","02:59:34","298","476"
Road Cycling,2021-09-15 05:52:01,false,"Purificación Ciclismo en ruta","25.50","770","02:48:46","109","181","3.1","0","0","9.1","38.7","375","180","0.00","0.0","0.0","0","49","254","175","122.3","186","63","702","0.0","0.0","3473","0","0","0","0:00","19.0","0:00","No","05:25.37.8","4","0.0","19","10","41","01:56:31","02:48:46","312","603"
Road Cycling,2021-09-14 05:51:01,false,"Purificación Ciclismo en ruta","41.55","852","02:08:52","128","186","3.2","0","0","19.3","48.1","267","277","0.00","0.0","0.0","0","59","156","173","110.3","155","92","799","0.0","0.0","4889","0","0","0","0:00","22.0","0:00","No","06:32.35.4","6","0.0","23","11","42","01:45:34","02:08:52","312","389"
Road Cycling,2021-09-10 06:02:20,false,"Cajicá Ciclismo en ruta","33.04","710","01:47:34","131","169","2.8","0","0","18.4","55.3","462","470","0.00","0.0","0.0","0","59","154","128","53.1","149","91","709","0.0","0.0","4319","0","0","0","0:00","10.0","0:00","No","03:13.22","5","0.0","23","10","37","01:38:53","01:47:34","2,566","2,972"
Road Cycling,2021-09-09 06:38:36,false,"Cajicá Ciclismo en ruta","28.92","602","01:23:13","145","188","3.7","0","0","20.9","52.1","344","345","0.00","0.0","0.0","0","65","152","165","68.8","196","100","773","0.0","0.0","3586","0","0","0","0:00","11.0","0:00","No","10:16.97.8","4","0.0","28","10","42","01:16:33","01:23:13","2,547","2,811"
Road Cycling,2021-09-08 06:04:05,false,"Cajicá Ciclismo en ruta","36.34","969","03:59:28","117","184","3.7","0","0","9.1","45.1","441","451","0.00","0.0","0.0","0","55","183","139","92.8","200","59","494","0.0","0.0","4203","0","0","0","0:00","11.0","0:00","No","15:19.89.8","5","0.0","19","10","43","02:06:55","03:59:28","2,558","2,900"
Road Cycling,2021-09-07 06:12:44,false,"Cajicá Ciclismo en ruta","54.22","1,301","02:37:52","148","184","4.6","0","0","20.6","57.2","891","906","0.00","0.0","0.0","0","61","139","165","129.4","190","116","613","0.0","0.0","6928","0","0","0","0:00","9.0","0:00","No","11:41.29.9","7","0.0","29","10","41","02:26:52","02:37:52","2,567","3,177"
Mountain Biking,2021-09-05 06:50:35,false,"Purificación Ciclismo de montaña","34.73","1,042","02:42:20","131","175","3.7","0","0","12.8","50.5","599","609","0.00","0.0","0.0","0","0","0","--","0.0","--","0","0","60.9","2.2","--","0","0","0","0:00","23.0","0:00","No","02:42:20.19.1","1","0.0","24","10","40","02:30:47","02:42:20","331","605"
Road Cycling,2021-09-03 06:04:00,false,"Cajicá Ciclismo en ruta","48.55","1,130","02:17:43","147","182","4.4","0","0","21.2","60.9","737","734","0.00","0.0","0.0","0","0","0","--","0.0","--","0","0","0.0","0.0","--","0","0","0","0:00","7.0","0:00","No","01:11.45.8","7","0.0","29","11","41","02:17:28","02:17:43","2,579","2,945"
Road Cycling,2021-09-02 06:15:47,false,"Cajicá Ciclismo en ruta","34.12","688","01:45:13","135","184","3.7","0","0","19.5","55.9","429","432","0.00","0.0","0.0","0","57","163","142","59.1","177","89","662","0.0","0.0","4023","0","0","0","0:00","9.0","0:00","No","07:09.05.5","5","0.0","25","11","41","01:37:33","01:45:13","2,578","2,937"
Road Cycling,2021-09-01 06:03:50,false,"Cajicá Ciclismo en ruta","29.09","570","01:14:52","144","186","3.9","0","0","23.3","50.2","341","348","0.00","0.0","0.0","0","62","120","164","58.6","191","104","661","0.0","0.0","3609","0","0","0","0:00","9.0","0:00","No","11:02.80.1","4","0.0","29","13","42","01:14:49","01:14:52","2,585","2,851"
Road Cycling,2021-08-30 06:50:35,false,"Cajicá Ciclismo en ruta","28.81","594","01:10:24","144","183","3.8","0","0","24.6","50.5","338","343","0.00","0.0","0.0","0","65","107","166","56.3","186","118","768","0.0","0.0","3668","0","0","0","0:00","11.0","0:00","No","09:41.30.9","4","0.0","30","16","41","01:10:18","01:10:24","2,574","2,836"
Road Cycling,2021-08-29 09:08:10,false,"Cajicá Ciclismo en ruta","28.93","673","01:44:34","140","192","4.1","0","0","16.6","55.4","346","342","0.00","0.0","0.0","0","65","172","166","62.5","187","101","802","0.0","0.0","3816","0","0","0","0:00","14.0","0:00","No","10:39.83.5","4","0.0","26","10","43","01:16:15","01:44:34","2,576","2,835"
Indoor Cycling,2021-08-25 18:04:24,false,"Repeticiones de 1 min.","16.49","456","00:55:14","149","175","3.3","0","0","17.9","25.2","--","--","0.00","0.0","0.0","0","54","139","157","36.3","154","120","455","0.0","0.0","2886","0","0","0","0:00","20.0","0:00","No","00:30.76.1","33","0.0","30","18","41","00:54:20","00:55:14","--","--"
Indoor Cycling,2021-08-23 17:47:13,false,"10 Min. Intervalos de tempo","17.02","502","00:56:18","152","175","3.3","0","0","18.1","26.1","--","--","0.00","0.0","0.0","0","48","76","154","35.6","159","128","435","0.0","0.0","2655","0","0","0","0:00","19.0","0:00","No","01:01.91.8","12","0.0","30","12","40","00:55:11","00:56:18","--","--"
Indoor Cycling,2021-08-21 09:52:02,false,"Ciclismo en sala","17.30","556","01:02:19","154","183","2.5","0","0","16.7","25.9","--","--","0.00","0.0","0.0","0","64","132","157","40.9","170","125","623","0.0","0.0","3843","0","0","0","0:00","17.0","0:00","No","01:02:18.97.2","1","0.0","21","13","39","01:00:52","01:02:19","--","--"
Indoor Cycling,2021-08-20 18:44:57,false,"Ciclismo en sala","4.18","68","00:20:13","140","169","2.0","0","0","12.4","22.4","--","--","0.00","0.0","0.0","0","52","74","62","2.1","33","34","210","0.0","0.0","799","0","0","0","0:00","18.0","0:00","No","20:12.99.9","1","0.0","27","18","34","00:17:36","00:20:13","--","--"
Indoor Cycling,2021-08-19 18:43:54,false,"15 Min. Intervalos de tempo","17.04","470","00:55:10","149","175","3.0","0","0","18.5","25.9","--","--","0.00","0.0","0.0","0","52","233","147","31.9","137","120","341","0.0","0.0","2675","0","0","0","0:00","18.0","0:00","No","00:01.50.9","12","0.0","27","13","39","00:53:10","00:58:26","--","--"
Indoor Cycling,2021-08-18 17:52:40,false,"Repeticiones de 1 min.","20.03","584","01:03:47","159","184","3.9","0","0","18.8","28.6","--","--","0.00","0.0","0.0","0","52","137","175","52.1","168","134","540","0.0","0.0","3181","0","0","0","0:00","18.0","0:00","No","01:00.00","35","0.0","32","12","41","01:01:32","01:10:06","--","--"
Indoor Cycling,2021-08-16 09:56:26,false,"10 Min. Intervalos de tempo","17.33","500","00:55:04","163","185","3.9","0","0","18.9","26.4","--","--","0.00","0.0","0.0","0","50","124","155","35.1","159","130","321","0.0","0.0","2672","0","0","0","0:00","18.0","0:00","No","00:21.10.1","12","0.0","34","18","42","00:54:09","00:55:04","--","--"
Indoor Cycling,2021-07-30 18:25:43,false,"Ciclismo en sala","17.76","410","01:01:04","121","156","2.2","0","0","17.4","30.2","--","--","0.00","0.0","0.0","0","70","133","143","31.0","128","89","466","0.0","0.0","3948","0","0","0","0:00","18.0","0:00","No","02:23.09.8","2","0.0","21","10","35","00:57:37","01:01:04","--","--"
Road Cycling,2021-07-29 17:05:59,false,"Cajicá Ciclismo en ruta","20.19","673","01:21:57","146","188","3.6","0","0","14.8","35.8","453","461","0.00","0.0","0.0","0","53","159","180","65.4","198","114","728","0.0","0.0","3144","0","0","0","0:00","13.0","0:00","No","00:01.03.4","6","0.0","30","13","44","01:21:35","01:21:57","2,595","2,829"
Road Cycling,2021-07-29 17:05:59,false,"Cajicá Ciclismo en ruta","20.19","673","01:21:57","146","188","3.6","0","0","14.8","35.8","453","461","0.00","0.0","0.0","0","53","159","180","65.4","198","114","728","0.0","0.0","3144","0","0","0","0:00","13.0","0:00","No","00:01.03.4","6","0.0","30","13","44","01:21:35","01:21:57","2,595","2,829"
Road Cycling,2021-07-28 18:27:25,false,"Cajicá - Intervalos de la zona 5 (4 veces)","4.19","552","01:03:46","140","175","2.9","0","0","3.9","52.3","3","11","0.00","0.0","0.0","0","56","111","162","41.0","150","125","627","0.0","0.0","3475","0","0","0","0:00","20.0","0:00","No","00:05.00","25","0.0","26","12","41","00:34:25","01:03:46","2,582","2,592"
Road Cycling,2021-07-28 18:27:25,false,"Cajicá - Intervalos de la zona 5 (4 veces)","4.19","552","01:03:46","140","175","2.9","0","0","3.9","52.3","3","11","0.00","0.0","0.0","0","56","111","162","41.0","150","125","627","0.0","0.0","3475","0","0","0","0:00","20.0","0:00","No","00:05.00","25","0.0","26","12","41","00:34:25","01:03:46","2,582","2,592"
Road Cycling,2021-07-27 06:25:24,false,"Cajicá Ciclismo en ruta","28.77","640","01:11:29","138","186","3.7","0","0","24.1","51.9","337","344","0.00","0.0","0.0","0","64","157","179","56.5","208","126","768","0.0","0.0","3668","0","0","0","0:00","9.0","0:00","No","10:33.30.7","4","0.0","27","11","41","01:10:59","01:11:29","2,570","2,833"
Mountain Biking,2021-07-23 06:23:49,false,"Purificación Ciclismo de montaña","39.14","831","01:52:05","138","182","3.1","0","0","21.0","48.4","298","304","0.00","0.0","0.0","0","0","0","--","0.0","--","0","0","28.8","2.4","--","0","0","0","0:00","21.0","0:00","No","01:52:04.59.9","1","0.0","27","11","41","01:44:21","01:52:05","265","370"
Mountain Biking,2021-07-19 06:46:20,false,"Purificación Ciclismo de montaña","71.63","1,765","05:52:19","122","176","4.1","0","0","12.2","53.3","1,021","1,010","0.00","0.0","0.0","0","0","0","--","0.0","--","0","0","92.6","2.6","--","0","0","0","0:00","22.0","0:00","No","05:52:19.45.3","1","0.0","21","10","40","04:57:48","05:52:19","297","740"
Mountain Biking,2021-07-18 06:42:45,false,"Purificación Ciclismo de montaña","50.43","1,753","04:26:17","132","178","4.3","0","0","11.4","51.2","970","971","0.00","0.0","0.0","0","0","0","--","0.0","--","0","0","97.9","2.1","--","0","0","0","0:00","21.0","0:00","No","04:26:16.95.8","1","0.0","24","10","40","03:10:58","04:26:18","308","899"
Mountain Biking,2021-07-17 16:40:00,false,"Guamo Ciclismo de montaña","41.97","841","01:58:48","134","163","2.9","0","0","21.2","29.6","91","97","0.00","0.0","0.0","0","0","0","--","0.0","--","0","0","4.5","1.2","--","0","0","0","0:00","25.0","0:00","No","01:58:48.38.9","1","0.0","24","11","37","01:52:13","01:58:48","302","340"
Road Cycling,2021-07-16 06:28:49,false,"Cajicá Ciclismo en ruta","34.16","792","01:42:48","139","194","5.0","0","0","19.9","53.5","424","433","0.00","0.0","0.0","0","62","178","170","61.3","220","111","765","0.0","0.0","4402","0","0","0","0:00","10.0","0:00","No","06:19.44.6","5","0.0","27","11","44","01:34:26","01:42:48","2,572","2,933"
Road Cycling,2021-07-15 07:02:27,false,"Cajicá Ciclismo en ruta","42.58","771","02:03:10","131","167","3.3","0","0","20.7","52.6","186","188","0.00","0.0","0.0","0","71","161","134","41.7","147","97","626","0.0","0.0","5430","0","0","0","0:00","11.0","0:00","No","04:51.76.3","6","0.0","24","10","39","01:41:45","02:03:10","2,555","2,692"
Road Cycling,2021-07-14 17:07:54,false,"Cajicá Ciclismo en ruta","15.27","594","01:16:22","151","190","5.0","0","0","12.0","33.3","463","475","0.00","0.0","0.0","0","50","137","182","55.4","195","107","570","0.0","0.0","2447","0","0","0","0:00","13.0","0:00","No","27:36.57.2","2","0.0","32","13","45","01:14:45","01:16:22","2,568","2,818"
Road Cycling,2021-07-13 06:37:40,false,"Cajicá Ciclismo en ruta","28.86","595","01:13:49","146","188","5.0","0","0","23.5","49.4","347","343","0.00","0.0","0.0","0","65","150","170","44.0","203","112","630","0.0","0.0","3752","0","0","0","0:00","11.0","0:00","No","10:35.40.3","4","0.0","32","13","45","01:13:44","01:13:49","2,579","2,850"
Road Cycling,2021-07-08 14:45:09,false,"East Brunswick Ciclismo en ruta","0.00","--","00:00:49.6","0","0","--","0","0","0.2","2.6","--","--","0.00","0.0","0.0","0","0","0","--","0.0","--","0","0","0.0","0.0","--","0","0","0","0:00","25.0","0:00","No","00:06.11.2","3","0.0","--","--","--","00:00:00","00:01:24.4","19","20"
