Tipo de actividad,Fecha,Favorito,Título,Distancia,Calorías,Tiempo,Frecuencia cardiaca media,Frecuencia cardiaca máxima,Cadencia de carrera media,Cadencia de carrera máxima,Velocidad media,Velocidad máxima,Ascenso total,Descenso total,Longitud media de zancada,Relación vertical media,Oscilación vertical media,Tiempo medio de contacto con el suelo,Cadencia media de pedaleo,Cadencia de pedaleo máxima,Training Stress Score®,Potencia media,Potencia máxima,Dificultad,Fluidez,Brazadas totales,Swolf medio,Velocidad media de palada,Repeticiones totales,Tiempo de inmersión,Temperatura mínima,Intervalo en superficie,Descompresión,Mejor tiempo de vuelta,Número de vueltas,Temperatura máxima,Tiempo en movimiento,Tiempo transcurrido,Altura mínima,Altura máxima
Cardio,2022-10-10 18:56:03,false,"Cardio","0.00","957","02:01:17","125","165","0","0","--","--","--","--","0.00","0.0","0.0","0","0","0","0.0","0","0","0.0","0.0","--","0","0","0","0:00","0.0","0:00","No","02:01:16.58.6","1","0.0","00:00:00","02:01:17","--","--"
Cardio,2022-10-07 18:44:41,false,"Cardio","0.00","465","00:52:03","129","156","0","0","--","--","--","--","0.00","0.0","0.0","0","0","0","0.0","0","0","0.0","0.0","--","0","0","0","0:00","0.0","0:00","No","52:02.53.7","1","0.0","00:00:00","00:52:03","--","--"
Cardio,2022-10-06 18:41:36,false,"Cardio","0.00","908","02:05:05","122","160","0","0","--","--","--","--","0.00","0.0","0.0","0","0","0","0.0","0","0","0.0","0.0","--","0","0","0","0:00","0.0","0:00","No","02:05:04.69","1","0.0","00:00:00","02:05:05","--","--"
Cardio,2022-10-04 18:24:15,false,"Cardio","0.00","707","01:35:40","123","157","0","0","--","--","--","--","0.00","0.0","0.0","0","0","0","0.0","0","0","0.0","0.0","--","0","0","0","0:00","0.0","0:00","No","01:35:40.45","1","0.0","00:00:00","01:35:40","--","--"
Cardio,2022-10-03 18:55:21,false,"Cardio","0.00","831","02:00:37","120","159","0","0","--","--","--","--","0.00","0.0","0.0","0","0","0","0.0","0","0","0.0","0.0","--","0","0","0","0:00","0.0","0:00","No","02:00:37.29.4","1","0.0","00:00:00","02:00:37","--","--"
Cardio,2022-09-28 18:06:08,false,"Cardio","0.00","740","01:27:08","130","162","0","0","--","--","--","--","0.00","0.0","0.0","0","0","0","0.0","0","0","0.0","0.0","--","0","0","0","0:00","0.0","0:00","No","01:27:07.76.5","1","0.0","00:00:00","01:27:08","--","--"
Cardio,2022-09-27 17:53:33,false,"Cardio","0.00","557","01:05:08","128","159","0","0","--","--","--","--","0.00","0.0","0.0","0","0","0","0.0","0","0","0.0","0.0","--","0","0","0","0:00","0.0","0:00","No","01:05:07.88.6","1","0.0","00:00:00","01:05:08","--","--"
Cardio,2022-09-22 17:18:38,false,"Cardio","0.00","924","02:00:01","129","161","0","0","--","--","--","--","0.00","0.0","0.0","0","0","0","0.0","0","0","0.0","0.0","--","0","0","0","0:00","0.0","0:00","No","02:00:01.06.2","1","0.0","00:00:00","02:00:01","--","--"
Cardio,2022-09-21 18:50:04,false,"Cardio","0.00","621","01:19:42","123","152","0","0","--","--","--","--","0.00","0.0","0.0","0","0","0","0.0","0","0","0.0","0.0","--","0","0","0","0:00","0.0","0:00","No","01:19:41.61.3","1","0.0","00:00:00","01:19:42","--","--"
Cardio,2022-09-20 18:57:54,false,"Cardio","0.00","735","01:48:39","117","156","0","0","--","--","--","--","0.00","0.0","0.0","0","0","0","0.0","0","0","0.0","0.0","--","0","0","0","0:00","0.0","0:00","No","01:48:38.62.5","1","0.0","00:00:00","01:48:39","--","--"
Cardio,2022-09-19 18:26:54,false,"Cardio","0.00","1,000","02:03:58","132","166","0","0","--","--","--","--","0.00","0.0","0.0","0","0","0","0.0","0","0","0.0","0.0","--","0","0","0","0:00","0.0","0:00","No","02:03:58.28.6","1","0.0","00:00:00","02:03:58","--","--"
Cardio,2022-09-15 18:38:11,false,"Cardio","0.00","560","00:54:47","141","154","0","0","--","--","--","--","0.00","0.0","0.0","0","0","0","0.0","0","0","0.0","0.0","--","0","0","0","0:00","0.0","0:00","No","54:46.62.6","1","0.0","00:00:00","00:54:47","--","--"
Cardio,2022-09-14 18:41:22,false,"Cardio","0.00","825","01:51:09","124","155","0","0","--","--","--","--","0.00","0.0","0.0","0","0","0","0.0","0","0","0.0","0.0","--","0","0","0","0:00","0.0","0:00","No","01:51:08.87.7","1","0.0","00:00:00","01:51:09","--","--"
Cardio,2022-09-13 19:05:32,false,"Cardio","0.00","931","02:01:36","128","161","0","0","--","--","--","--","0.00","0.0","0.0","0","0","0","0.0","0","0","0.0","0.0","--","0","0","0","0:00","0.0","0:00","No","02:01:35.98.1","1","0.0","00:00:00","02:01:36","--","--"
Cardio,2022-09-09 18:29:34,false,"Cardio","0.00","924","01:43:03","137","163","0","0","--","--","--","--","0.00","0.0","0.0","0","0","0","0.0","0","0","0.0","0.0","--","0","0","0","0:00","0.0","0:00","No","01:43:02.62.7","1","0.0","00:00:00","01:43:03","--","--"
Cardio,2022-09-07 17:39:21,false,"Cardio","0.00","684","01:42:45","118","153","0","0","--","--","--","--","0.00","0.0","0.0","0","0","0","0.0","0","0","0.0","0.0","--","0","0","0","0:00","0.0","0:00","No","01:42:44.67.8","1","0.0","00:00:00","01:42:47","--","--"
Cardio,2022-09-06 18:32:53,false,"Cardio","0.00","745","01:31:30","128","156","0","0","--","--","--","--","0.00","0.0","0.0","0","0","0","0.0","0","0","0.0","0.0","--","0","0","0","0:00","0.0","0:00","No","01:31:30.26.3","1","0.0","00:00:00","01:31:30","--","--"
Cardio,2022-09-01 18:56:47,false,"Cardio","0.00","764","02:02:54","116","148","0","0","--","--","--","--","0.00","0.0","0.0","0","0","0","0.0","0","0","0.0","0.0","--","0","0","0","0:00","0.0","0:00","No","02:02:54.46.6","1","0.0","00:00:00","02:02:54","--","--"
Cardio,2022-08-30 19:09:24,false,"Cardio","0.00","725","02:04:34","113","148","0","0","--","--","--","--","0.00","0.0","0.0","0","0","0","0.0","0","0","0.0","0.0","--","0","0","0","0:00","0.0","0:00","No","02:04:34.04.3","1","0.0","00:00:00","02:04:34","--","--"
Cardio,2022-08-29 18:34:55,false,"Cardio","0.00","756","01:40:19","127","158","0","0","--","--","--","--","0.00","0.0","0.0","0","0","0","0.0","0","0","0.0","0.0","--","0","0","0","0:00","0.0","0:00","No","01:40:18.72","1","0.0","00:00:00","01:40:19","--","--"
Cardio,2022-08-26 19:10:47,false,"Cardio","0.00","623","01:34:10","118","153","0","0","--","--","--","--","0.00","0.0","0.0","0","0","0","0.0","0","0","0.0","0.0","--","0","0","0","0:00","0.0","0:00","No","01:34:10.04.4","1","0.0","00:00:00","01:34:10","--","--"
Cardio,2022-08-25 20:26:52,false,"Cardio","0.00","515","01:11:09","119","156","0","0","--","--","--","--","0.00","0.0","0.0","0","0","0","0.0","0","0","0.0","0.0","--","0","0","0","0:00","0.0","0:00","No","01:11:09.07.9","1","0.0","00:00:00","01:11:09","--","--"
Cardio,2022-08-24 19:29:56,false,"Cardio","0.00","633","01:51:28","111","147","0","0","--","--","--","--","0.00","0.0","0.0","0","0","0","0.0","0","0","0.0","0.0","--","0","0","0","0:00","0.0","0:00","No","01:51:28.37.2","1","0.0","00:00:00","01:51:28","--","--"
Cardio,2022-08-23 18:41:55,false,"Cardio","0.00","619","01:49:21","112","146","0","0","--","--","--","--","0.00","0.0","0.0","0","0","0","0.0","0","0","0.0","0.0","--","0","0","0","0:00","0.0","0:00","No","01:49:20.94.6","1","0.0","00:00:00","01:49:21","--","--"
Cardio,2022-08-22 18:43:10,false,"Cardio","0.00","743","01:38:15","129","163","0","0","--","--","--","--","0.00","0.0","0.0","0","0","0","0.0","0","0","0.0","0.0","--","0","0","0","0:00","0.0","0:00","No","01:38:15.00.6","1","0.0","00:00:00","01:38:15","--","--"
Cardio,2022-08-19 19:16:43,false,"Cardio","0.00","643","01:34:12","121","153","0","0","--","--","--","--","0.00","0.0","0.0","0","0","0","0.0","0","0","0.0","0.0","--","0","0","0","0:00","0.0","0:00","No","01:34:11.54.9","1","0.0","00:00:00","01:34:12","--","--"
Cardio,2022-08-18 19:00:17,false,"Cardio","0.00","523","01:39:51","106","147","0","0","--","--","--","--","0.00","0.0","0.0","0","0","0","0.0","0","0","0.0","0.0","--","0","0","0","0:00","0.0","0:00","No","01:39:51.45.9","1","0.0","00:00:00","01:39:51","--","--"
Cardio,2022-08-17 18:44:03,false,"Cardio","0.00","515","01:49:43","101","153","0","0","--","--","--","--","0.00","0.0","0.0","0","0","0","0.0","0","0","0.0","0.0","--","0","0","0","0:00","0.0","0:00","No","01:49:42.75.7","1","0.0","00:00:00","01:49:43","--","--"
Cardio,2022-08-16 17:58:30,false,"Cardio","0.00","914","02:30:12","123","161","0","0","--","--","--","--","0.00","0.0","0.0","0","0","0","0.0","0","0","0.0","0.0","--","0","0","0","0:00","0.0","0:00","No","02:30:11.64.7","1","0.0","00:00:00","02:30:12","--","--"
Ciclismo,2022-08-13 16:05:02,false,"Guamo Ciclismo","50.91","1,253","02:34:33","137","175","0","0","19.8","50.9","314","314","0.00","0.0","0.0","0","59","148","0.0","0","0","0.0","0.0","7315","0","0","0","0:00","0.0","0:00","No","04:26.27.9","11","0.0","02:32:59","03:27:32","314","513"
Cardio,2022-08-10 18:38:59,false,"Cardio","0.00","825","01:35:11","134","159","0","0","--","--","--","--","0.00","0.0","0.0","0","0","0","0.0","0","0","0.0","0.0","--","0","0","0","0:00","0.0","0:00","No","01:35:11.20.8","1","0.0","00:00:00","01:35:11","--","--"
Cardio,2022-08-09 18:13:01,false,"Cardio","0.00","712","01:42:45","123","155","0","0","--","--","--","--","0.00","0.0","0.0","0","0","0","0.0","0","0","0.0","0.0","--","0","0","0","0:00","0.0","0:00","No","01:42:44.79.1","1","0.0","00:00:00","01:42:45","--","--"
Cardio,2022-08-08 18:41:53,false,"Cardio","0.00","682","01:28:32","130","161","0","0","--","--","--","--","0.00","0.0","0.0","0","0","0","0.0","0","0","0.0","0.0","--","0","0","0","0:00","0.0","0:00","No","01:28:31.94","1","0.0","00:00:00","01:28:32","--","--"
Remo,2022-07-31 12:36:15,false,"Remo","--","18","00:03:05.3","103","113","0","0","--","--","--","--","0.00","0.0","0.0","0","0","0","0.0","0","0","0.0","0.0","52","0","0","0","0:00","0.0","0:00","No","03:05.31.7","1","0.0","00:00:00","00:03:05.3","--","--"
Cardio,2022-07-28 19:30:41,false,"Cardio","0.00","965","02:21:32","125","166","0","0","--","--","--","--","0.00","0.0","0.0","0","0","0","0.0","0","0","0.0","0.0","--","0","0","0","0:00","0.0","0:00","No","02:21:32.14.3","1","0.0","00:00:00","02:21:32","--","--"
Cardio,2022-07-23 10:23:31,false,"Cardio","0.00","860","01:44:51","133","163","0","0","--","--","--","--","0.00","0.0","0.0","0","0","0","0.0","0","0","0.0","0.0","--","0","0","0","0:00","0.0","0:00","No","01:44:51.02.1","1","0.0","00:00:00","01:44:51","--","--"
Cardio,2022-07-21 19:24:48,false,"Cardio","0.00","646","02:00:52","111","153","0","0","--","--","--","--","0.00","0.0","0.0","0","0","0","0.0","0","0","0.0","0.0","--","0","0","0","0:00","0.0","0:00","No","02:00:51.51.6","1","0.0","00:00:00","02:00:52","--","--"
Cardio,2022-07-19 19:12:48,false,"Cardio","0.00","470","01:10:06","120","147","0","0","--","--","--","--","0.00","0.0","0.0","0","0","0","0.0","0","0","0.0","0.0","--","0","0","0","0:00","0.0","0:00","No","01:10:05.54.9","1","0.0","00:00:00","01:10:06","--","--"
Cardio,2022-07-18 19:08:48,false,"Cardio","0.00","700","01:36:37","129","155","0","0","--","--","--","--","0.00","0.0","0.0","0","0","0","0.0","0","0","0.0","0.0","--","0","0","0","0:00","0.0","0:00","No","01:36:37.32.7","1","0.0","00:00:00","01:36:37","--","--"
Cardio,2022-07-13 19:11:26,false,"Cardio","0.00","574","01:20:54","124","170","0","0","--","--","--","--","0.00","0.0","0.0","0","0","0","0.0","0","0","0.0","0.0","--","0","0","0","0:00","0.0","0:00","No","01:20:53.83.7","1","0.0","00:00:00","01:20:57","--","--"
Cardio,2022-07-12 19:13:24,false,"Cardio","0.00","615","01:40:12","117","170","0","0","--","--","--","--","0.00","0.0","0.0","0","0","0","0.0","0","0","0.0","0.0","--","0","0","0","0:00","0.0","0:00","No","01:40:12.45.5","1","0.0","00:00:00","01:40:12","--","--"
Cardio,2022-07-11 18:52:13,false,"Cardio","0.00","800","01:37:05","139","166","0","0","--","--","--","--","0.00","0.0","0.0","0","0","0","0.0","0","0","0.0","0.0","--","0","0","0","0:00","0.0","0:00","No","01:37:04.51.9","1","0.0","00:00:00","01:37:05","--","--"
Cardio,2022-07-08 19:37:51,false,"Cardio","0.00","385","01:17:19","107","140","0","0","--","--","--","--","0.00","0.0","0.0","0","0","0","0.0","0","0","0.0","0.0","--","0","0","0","0:00","0.0","0:00","No","01:17:18.97","1","0.0","00:00:00","01:17:19","--","--"
Cardio,2022-07-07 18:53:04,false,"Cardio","0.00","568","01:18:28","126","157","0","0","--","--","--","--","0.00","0.0","0.0","0","0","0","0.0","0","0","0.0","0.0","--","0","0","0","0:00","0.0","0:00","No","01:18:27.53.4","1","0.0","00:00:00","01:18:28","--","--"
Cardio,2022-07-06 19:20:07,false,"Cardio","0.00","637","01:13:58","137","166","0","0","--","--","--","--","0.00","0.0","0.0","0","0","0","0.0","0","0","0.0","0.0","--","0","0","0","0:00","0.0","0:00","No","01:13:57.51.2","1","0.0","00:00:00","01:13:58","--","--"
Ciclismo,2022-06-20 09:01:12,false,"Guamo Ciclismo","49.89","1,160","02:31:29","132","169","0","0","19.8","35.2","177","157","0.00","0.0","0.0","0","0","0","0.0","0","0","0.0","0.0","--","0","0","0","0:00","0.0","0:00","No","11:24.45.3","10","0.0","02:30:40","03:31:41","283","336"
Ciclismo,2022-06-18 09:30:46,false,"Guamo Ciclismo","48.60","1,315","02:22:22","149","180","0","0","20.5","54.7","323","309","0.00","0.0","0.0","0","62","105","0.0","0","0","0.0","0.0","7816","0","0","0","0:00","0.0","0:00","No","10:40.58.3","10","0.0","02:21:45","02:55:41","317","521"
Cardio,2022-06-16 19:17:33,false,"Cardio","0.00","525","01:28:04","116","161","0","0","--","--","--","--","0.00","0.0","0.0","0","0","0","0.0","0","0","0.0","0.0","--","0","0","0","0:00","0.0","0:00","No","01:28:04.25","1","0.0","00:00:00","01:28:04","--","--"
Cardio,2022-06-15 19:37:52,false,"Cardio","0.00","510","01:24:57","113","162","0","0","--","--","--","--","0.00","0.0","0.0","0","0","0","0.0","0","0","0.0","0.0","--","0","0","0","0:00","0.0","0:00","No","01:24:56.83.1","1","0.0","00:00:00","01:24:57","--","--"
Cardio,2022-06-13 18:46:22,false,"Cardio","0.00","483","01:26:13","114","159","0","0","--","--","--","--","0.00","0.0","0.0","0","0","0","0.0","0","0","0.0","0.0","--","0","0","0","0:00","0.0","0:00","No","01:26:12.70.8","1","0.0","00:00:00","01:26:13","--","--"
Cardio,2022-06-09 19:04:41,false,"Cardio","0.00","627","01:41:23","121","157","0","0","--","--","--","--","0.00","0.0","0.0","0","0","0","0.0","0","0","0.0","0.0","--","0","0","0","0:00","0.0","0:00","No","01:41:22.72.3","1","0.0","00:00:00","01:41:23","--","--"
Cardio,2022-06-07 18:54:16,false,"Cardio","0.00","547","01:36:53","114","166","0","0","--","--","--","--","0.00","0.0","0.0","0","0","0","0.0","0","0","0.0","0.0","--","0","0","0","0:00","0.0","0:00","No","01:36:53.42.9","1","0.0","00:00:00","01:36:53","--","--"
Cardio,2022-06-06 19:04:14,false,"Cardio","0.00","626","01:28:44","125","161","0","0","--","--","--","--","0.00","0.0","0.0","0","0","0","0.0","0","0","0.0","0.0","--","0","0","0","0:00","0.0","0:00","No","01:28:44.23.2","1","0.0","00:00:00","01:28:44","--","--"
Caminar,2022-06-05 11:12:45,false,"Bogotá, D.C. Caminar","2.11","200","00:58:04","87","124","50","233","27:36","12:04","2","3","0.72","0.0","0.0","0","0","0","0.0","0","0","0.0","0.0","--","0","0","0","0:00","0.0","0:00","No","02:17.90.8","3","0.0","00:26:22","00:58:04","2,547","2,555"
Cardio,2022-06-01 19:23:48,false,"Cardio","0.00","530","01:24:27","116","158","0","0","--","--","--","--","0.00","0.0","0.0","0","0","0","0.0","0","0","0.0","0.0","--","0","0","0","0:00","0.0","0:00","No","01:24:27.32.3","1","0.0","00:00:00","01:24:27","--","--"
Caminar,2022-06-01 16:33:23,false,"Bogotá, D.C. Caminar","2.10","122","00:28:54","95","107","92","135","13:44","12:09","147","--","0.79","0.0","0.0","0","0","0","0.0","0","0","0.0","0.0","--","0","0","0","0:00","0.0","0:00","No","01:31.11.1","3","0.0","00:28:48","00:28:54","2,554","2,558"
Ciclismo,2022-05-30 06:12:58,false,"Guamo Ciclismo","75.63","1,475","03:07:21","139","165","0","0","24.2","43.0","554","573","0.00","0.0","0.0","0","65","104","0.0","0","0","0.0","0.0","10254","0","0","0","0:00","0.0","0:00","No","02:21.16.4","16","0.0","03:06:49","03:27:33","296","387"
Ciclismo,2022-05-29 06:43:31,false,"Guamo Ciclismo","43.08","795","02:11:39","117","146","0","0","19.6","37.0","164","175","0.00","0.0","0.0","0","57","94","0.0","0","0","0.0","0.0","6457","0","0","0","0:00","0.0","0:00","No","09:41.00.7","9","0.0","02:11:12","02:43:19","306","462"
Cardio,2022-05-26 19:03:44,false,"Cardio","0.00","552","01:30:53","118","164","0","0","--","--","--","--","0.00","0.0","0.0","0","0","0","0.0","0","0","0.0","0.0","--","0","0","0","0:00","0.0","0:00","No","01:30:53.29.1","1","0.0","00:00:00","01:30:53","--","--"
Cardio,2022-05-25 19:05:45,false,"Cardio","0.00","560","01:14:33","127","176","0","0","--","--","--","--","0.00","0.0","0.0","0","0","0","0.0","0","0","0.0","0.0","--","0","0","0","0:00","0.0","0:00","No","01:14:33.00.5","1","0.0","00:00:00","01:14:36","--","--"
Cardio,2022-05-23 19:16:36,false,"Cardio","0.00","689","01:24:21","134","163","0","0","--","--","--","--","0.00","0.0","0.0","0","0","0","0.0","0","0","0.0","0.0","--","0","0","0","0:00","0.0","0:00","No","01:24:21.33.2","1","0.0","00:00:00","01:24:21","--","--"
Cardio,2022-05-19 19:27:49,false,"Cardio","0.00","620","01:22:47","129","159","0","0","--","--","--","--","0.00","0.0","0.0","0","0","0","0.0","0","0","0.0","0.0","--","0","0","0","0:00","0.0","0:00","No","01:22:46.77.9","1","0.0","00:00:00","01:22:47","--","--"
Cardio,2022-05-18 19:08:52,false,"Cardio","0.00","563","01:15:58","131","175","0","0","--","--","--","--","0.00","0.0","0.0","0","0","0","0.0","0","0","0.0","0.0","--","0","0","0","0:00","0.0","0:00","No","01:15:57.55","1","0.0","00:00:00","01:15:58","--","--"
Cardio,2022-05-17 19:34:35,false,"Cardio","0.00","485","01:06:24","128","162","0","0","--","--","--","--","0.00","0.0","0.0","0","0","0","0.0","0","0","0.0","0.0","--","0","0","0","0:00","0.0","0:00","No","01:06:24.08.3","1","0.0","00:00:00","01:06:24","--","--"
Cardio,2022-05-16 19:05:07,false,"Cardio","0.00","677","01:32:50","130","162","0","0","--","--","--","--","0.00","0.0","0.0","0","0","0","0.0","0","0","0.0","0.0","--","0","0","0","0:00","0.0","0:00","No","01:32:49.58.2","1","0.0","00:00:00","01:32:50","--","--"
Cardio,2022-05-11 18:32:53,false,"Cardio","0.00","516","01:17:40","121","155","0","0","--","--","--","--","0.00","0.0","0.0","0","0","0","0.0","0","0","0.0","0.0","--","0","0","0","0:00","0.0","0:00","No","01:17:40.16.9","1","0.0","00:00:00","01:17:40","--","--"
Cardio,2022-05-10 18:36:38,false,"Cardio","0.00","649","01:50:14","119","159","0","0","--","--","--","--","0.00","0.0","0.0","0","0","0","0.0","0","0","0.0","0.0","--","0","0","0","0:00","0.0","0:00","No","01:50:14.27.2","1","0.0","00:00:00","01:50:14","--","--"
Cardio,2022-05-05 19:05:53,false,"Cardio","0.00","545","01:23:28","123","165","0","0","--","--","--","--","0.00","0.0","0.0","0","0","0","0.0","0","0","0.0","0.0","--","0","0","0","0:00","0.0","0:00","No","01:23:28.24.7","1","0.0","00:00:00","01:23:28","--","--"
Cardio,2022-05-03 19:35:36,false,"Cardio","0.00","506","01:06:28","128","161","0","0","--","--","--","--","0.00","0.0","0.0","0","0","0","0.0","0","0","0.0","0.0","--","0","0","0","0:00","0.0","0:00","No","01:06:27.50.1","1","0.0","00:00:00","01:06:28","--","--"
Cardio,2022-05-02 19:07:30,false,"Cardio","0.00","750","01:36:22","135","174","0","0","--","--","--","--","0.00","0.0","0.0","0","0","0","0.0","0","0","0.0","0.0","--","0","0","0","0:00","0.0","0:00","No","01:36:21.52.9","1","0.0","00:00:00","01:36:22","--","--"
Cardio,2022-04-29 18:54:06,false,"Cardio","0.00","713","01:35:30","131","157","0","0","--","--","--","--","0.00","0.0","0.0","0","0","0","0.0","0","0","0.0","0.0","--","0","0","0","0:00","0.0","0:00","No","01:35:29.76.7","1","0.0","00:00:00","01:35:30","--","--"
Cardio,2022-04-27 19:00:08,false,"Cardio","0.00","487","01:20:23","120","161","0","0","--","--","--","--","0.00","0.0","0.0","0","0","0","0.0","0","0","0.0","0.0","--","0","0","0","0:00","0.0","0:00","No","01:20:23.42.4","1","0.0","00:00:00","01:20:23","--","--"
Cardio,2022-04-26 18:55:09,false,"Cardio","0.00","520","01:24:43","124","171","0","0","--","--","--","--","0.00","0.0","0.0","0","0","0","0.0","0","0","0.0","0.0","--","0","0","0","0:00","0.0","0:00","No","01:24:43.31.5","1","0.0","00:00:00","01:24:43","--","--"
Cardio,2022-04-25 19:02:56,false,"Cardio","0.00","633","01:26:27","128","162","0","0","--","--","--","--","0.00","0.0","0.0","0","0","0","0.0","0","0","0.0","0.0","--","0","0","0","0:00","0.0","0:00","No","01:26:27.18.4","1","0.0","00:00:00","01:26:27","--","--"
Cardio,2022-04-22 18:36:09,false,"Cardio","0.00","572","01:28:05","122","146","0","0","--","--","--","--","0.00","0.0","0.0","0","0","0","0.0","0","0","0.0","0.0","--","0","0","0","0:00","0.0","0:00","No","01:28:04.83.9","1","0.0","00:00:00","01:28:05","--","--"
Cardio,2022-04-20 19:08:19,false,"Cardio","0.00","526","01:16:47","122","153","0","0","--","--","--","--","0.00","0.0","0.0","0","0","0","0.0","0","0","0.0","0.0","--","0","0","0","0:00","0.0","0:00","No","01:16:47.44.9","1","0.0","00:00:00","01:16:47","--","--"
Cardio,2022-04-19 18:41:44,false,"Cardio","0.00","730","01:35:46","131","165","0","0","--","--","--","--","0.00","0.0","0.0","0","0","0","0.0","0","0","0.0","0.0","--","0","0","0","0:00","0.0","0:00","No","01:35:46.03.3","1","0.0","00:00:00","01:35:46","--","--"
Cardio,2022-04-12 17:04:32,false,"Cardio","0.00","501","01:10:30","127","161","0","0","--","--","--","--","0.00","0.0","0.0","0","0","0","0.0","0","0","0.0","0.0","--","0","0","0","0:00","0.0","0:00","No","01:10:30.42.3","1","0.0","00:00:00","01:10:30","--","--"
Ciclismo,2022-04-11 16:45:17,false,"Guamo Ciclismo","54.25","1,119","02:42:45","130","164","0","0","20.0","35.1","137","150","0.00","0.0","0.0","0","59","186","0.0","0","0","0.0","0.0","8313","0","0","0","0:00","0.0","0:00","No","12:28.40.6","11","0.0","02:42:25","03:09:29","299","347"
Ciclismo,2022-04-10 07:57:50,false,"Guamo Ciclismo","60.02","1,435","02:49:48","142","179","0","0","21.2","52.8","504","486","0.00","0.0","0.0","0","0","0","0.0","0","0","0.0","0.0","--","0","0","0","0:00","0.0","0:00","No","00:09.27.9","13","0.0","02:49:10","03:29:04","320","515"
Cardio,2022-04-06 17:27:07,false,"Cardio","0.00","465","01:08:48","122","158","0","0","--","--","--","--","0.00","0.0","0.0","0","0","0","0.0","0","0","0.0","0.0","--","0","0","0","0:00","0.0","0:00","No","01:08:48.02.8","1","0.0","00:00:00","01:08:48","--","--"
Cardio,2022-04-05 16:53:40,false,"Cardio","0.00","586","01:44:14","117","155","0","0","--","--","--","--","0.00","0.0","0.0","0","0","0","0.0","0","0","0.0","0.0","--","0","0","0","0:00","0.0","0:00","No","01:44:14.27.5","1","0.0","00:00:00","01:44:14","--","--"
Cardio,2022-04-04 19:04:40,false,"Cardio","0.00","650","01:26:01","132","161","0","0","--","--","--","--","0.00","0.0","0.0","0","0","0","0.0","0","0","0.0","0.0","--","0","0","0","0:00","0.0","0:00","No","01:26:01.45.1","1","0.0","00:00:00","01:26:01","--","--"
Cardio,2022-04-01 18:56:39,false,"Cardio","0.00","343","01:12:34","105","136","0","0","--","--","--","--","0.00","0.0","0.0","0","0","0","0.0","0","0","0.0","0.0","--","0","0","0","0:00","0.0","0:00","No","01:12:33.65.5","1","0.0","00:00:00","01:12:34","--","--"
Cardio,2022-03-31 18:45:01,false,"Cardio","0.00","780","01:52:34","125","158","0","0","--","--","--","--","0.00","0.0","0.0","0","0","0","0.0","0","0","0.0","0.0","--","0","0","0","0:00","0.0","0:00","No","01:52:33.87.9","1","0.0","00:00:00","01:52:34","--","--"
Cardio,2022-03-30 18:52:44,false,"Cardio","0.00","501","01:21:45","118","152","0","0","--","--","--","--","0.00","0.0","0.0","0","0","0","0.0","0","0","0.0","0.0","--","0","0","0","0:00","0.0","0:00","No","01:21:44.53.8","1","0.0","00:00:00","01:21:45","--","--"
Cardio,2022-03-28 19:34:28,false,"Cardio","0.00","456","01:17:38","115","155","0","0","--","--","--","--","0.00","0.0","0.0","0","0","0","0.0","0","0","0.0","0.0","--","0","0","0","0:00","0.0","0:00","No","01:17:37.59.5","1","0.0","00:00:00","01:17:38","--","--"
Remo indoor,2022-03-23 20:06:08,false,"Remo indoor","--","114","00:10:23","148","160","0","0","--","--","--","--","0.00","0.0","0.0","0","0","0","0.0","0","0","0.0","0.0","414","0","0","0","0:00","0.0","0:00","No","10:22.83.5","1","0.0","00:00:00","00:10:23","--","--"
Cardio,2022-03-23 18:55:18,false,"Cardio","0.00","425","01:09:11","116","151","0","0","--","--","--","--","0.00","0.0","0.0","0","0","0","0.0","0","0","0.0","0.0","--","0","0","0","0:00","0.0","0:00","No","01:09:10.74.6","1","0.0","00:00:00","01:09:11","--","--"
Cardio,2022-03-22 18:51:55,false,"Cardio","0.00","635","01:45:53","122","156","0","0","--","--","--","--","0.00","0.0","0.0","0","0","0","0.0","0","0","0.0","0.0","--","0","0","0","0:00","0.0","0:00","No","01:45:53.26.8","1","0.0","00:00:00","01:45:53","--","--"
Ciclismo,2022-03-21 09:35:05,false,"Guamo Ciclismo","42.37","777","02:03:36","124","152","0","0","20.6","73.8","74","57","0.00","0.0","0.0","0","66","230","0.0","0","0","0.0","0.0","7524","0","0","0","0:00","0.0","0:00","No","08:34.25.7","9","0.0","02:02:55","02:23:50","289","340"
Ciclismo,2022-03-19 06:04:18,false,"Guamo Ciclismo","47.43","1,006","02:15:40","133","170","0","0","21.0","55.0","257","251","0.00","0.0","0.0","0","65","100","0.0","0","0","0.0","0.0","7679","0","0","0","0:00","0.0","0:00","No","09:25.82","10","0.0","02:15:22","02:20:38","290","459"
Remo indoor,2022-03-16 20:19:55,false,"Remo indoor","--","118","00:10:12","154","164","0","0","--","--","--","--","0.00","0.0","0.0","0","0","0","0.0","0","0","0.0","0.0","420","0","0","0","0:00","0.0","0:00","No","10:12.11.1","1","0.0","00:00:00","00:10:12","--","--"
Cardio,2022-03-16 19:08:26,false,"Cardio","0.00","520","01:10:46","126","157","0","0","--","--","--","--","0.00","0.0","0.0","0","0","0","0.0","0","0","0.0","0.0","--","0","0","0","0:00","0.0","0:00","No","01:10:46.36.1","1","0.0","00:00:00","01:10:46","--","--"
Cardio,2022-03-15 19:17:44,false,"Cardio","0.00","792","01:38:21","139","171","0","0","--","--","--","--","0.00","0.0","0.0","0","0","0","0.0","0","0","0.0","0.0","--","0","0","0","0:00","0.0","0:00","No","01:38:21.25.5","1","0.0","00:00:00","01:38:21","--","--"
Cardio,2022-03-14 19:25:19,false,"Cardio","0.00","351","00:53:29","119","162","0","0","--","--","--","--","0.00","0.0","0.0","0","0","0","0.0","0","0","0.0","0.0","--","0","0","0","0:00","0.0","0:00","No","53:28.78.3","1","0.0","00:00:00","00:53:29","--","--"
Cardio,2022-03-11 18:39:29,false,"Cardio","0.00","633","01:29:50","127","167","0","0","--","--","--","--","0.00","0.0","0.0","0","0","0","0.0","0","0","0.0","0.0","--","0","0","0","0:00","0.0","0:00","No","01:29:50.21.4","1","0.0","00:00:00","01:29:50","--","--"
Remo indoor,2022-03-10 20:09:21,false,"Remo indoor","--","117","00:10:11","153","161","0","0","--","--","--","--","0.00","0.0","0.0","0","0","0","0.0","0","0","0.0","0.0","370","0","0","0","0:00","0.0","0:00","No","10:11.27","1","0.0","00:00:00","00:10:11","--","--"
Entreno de fuerza,2022-03-10 19:05:31,false,"Cardio","0.00","434","01:02:34","123","159","0","0","--","--","--","--","0.00","0.0","0.0","0","0","0","0.0","0","0","0.0","0.0","--","0","0","0","0:00","0.0","0:00","No","01:02:33.56.6","1","0.0","00:00:00","01:02:34","--","--"
Cardio,2022-03-08 18:24:05,false,"Cardio","0.00","725","01:31:08","134","166","0","0","--","--","--","--","0.00","0.0","0.0","0","0","0","0.0","0","0","0.0","0.0","--","0","0","0","0:00","0.0","0:00","No","01:31:08.01.5","1","0.0","00:00:00","01:31:08","--","--"
Caminar,2022-03-05 15:07:37,false,"Bogotá, D.C. Caminar","1.50","108","00:21:07","102","114","89","140","14:05","9:01","6","11","0.81","0.0","0.0","0","0","0","0.0","0","0","0.0","0.0","--","0","0","0","0:00","0.0","0:00","No","09:39.81.2","2","0.0","00:17:11","00:21:07","2,640","2,653"
Cardio,2022-03-04 19:17:31,false,"Cardio","0.00","500","01:14:15","123","164","0","0","--","--","--","--","0.00","0.0","0.0","0","0","0","0.0","0","0","0.0","0.0","--","0","0","0","0:00","0.0","0:00","No","01:14:14.72.7","1","0.0","00:00:00","01:14:15","2,566","2,583"
Cardio,2022-03-01 18:50:11,false,"Cardio","0.00","715","01:31:59","134","169","0","0","--","--","--","--","0.00","0.0","0.0","0","0","0","0.0","0","0","0.0","0.0","--","0","0","0","0:00","0.0","0:00","No","01:31:58.79.7","1","0.0","00:00:00","01:31:59","2,530","2,532"
Cardio,2022-02-23 18:43:24,false,"Cardio","0.00","573","01:17:45","130","159","0","0","--","--","--","--","0.00","0.0","0.0","0","0","0","0.0","0","0","0.0","0.0","--","0","0","0","0:00","0.0","0:00","No","01:17:45.43.7","1","0.0","00:00:00","01:17:45","2,565","2,579"
Cardio,2022-02-22 18:35:41,false,"Cardio","0.00","505","01:17:44","123","165","0","0","--","--","--","--","0.00","0.0","0.0","0","0","0","0.0","0","0","0.0","0.0","--","0","0","0","0:00","0.0","0:00","No","01:17:43.74.7","1","0.0","00:00:00","01:17:44","2,555","2,567"
Cardio,2022-02-21 18:59:19,false,"Cardio","0.00","610","01:16:22","136","170","0","0","--","--","--","--","0.00","0.0","0.0","0","0","0","0.0","0","0","0.0","0.0","--","0","0","0","0:00","0.0","0:00","No","01:16:21.91.7","1","0.0","00:00:00","01:16:22","2,583","2,586"
Escaladora,2022-02-20 12:28:15,false,"Escaladora","0.00","139","00:30:30","98","130","22","160","--","--","--","--","0.00","0.0","0.0","0","0","0","0.0","0","0","0.0","0.0","--","0","0","0","0:00","0.0","0:00","No","30:29.57.2","1","0.0","00:00:00","00:30:30","--","--"
Caminar,2022-02-19 19:16:33,false,"Bogotá, D.C. Caminar","0.90","79","00:17:43","91","129","70","160","19:43","9:59","57","--","0.73","0.0","0.0","0","0","0","0.0","0","0","0.0","0.0","--","0","0","0","0:00","0.0","0:00","No","17:42.58.4","1","0.0","00:13:29","00:17:43","2,614","2,621"
Caminar,2022-02-19 18:52:15,false,"Bogotá, D.C. Caminar","0.72","47","00:12:07","82","94","83","116","16:48","11:27","39","--","0.72","0.0","0.0","0","0","0","0.0","0","0","0.0","0.0","--","0","0","0","0:00","0.0","0:00","No","12:07.26","1","0.0","00:10:33","00:12:07","2,565","2,567"
Cardio,2022-02-17 18:43:26,false,"Cardio","0.00","650","01:25:31","132","163","0","0","--","--","--","--","0.00","0.0","0.0","0","0","0","0.0","0","0","0.0","0.0","--","0","0","0","0:00","0.0","0:00","No","01:25:30.75.6","1","0.0","00:00:00","01:25:31","2,545","2,553"
Cardio,2022-02-16 18:57:09,false,"Cardio","0.00","532","01:13:24","130","170","0","0","--","--","--","--","0.00","0.0","0.0","0","0","0","0.0","0","0","0.0","0.0","--","0","0","0","0:00","0.0","0:00","No","01:13:24.38.7","1","0.0","00:00:00","01:13:24","2,563","2,572"
Cardio,2022-02-15 18:52:21,false,"Cardio","0.00","618","01:19:52","135","171","0","0","--","--","--","--","0.00","0.0","0.0","0","0","0","0.0","0","0","0.0","0.0","--","0","0","0","0:00","0.0","0:00","No","01:19:51.85.9","1","0.0","00:00:00","01:19:52","2,564","2,571"
Ciclismo,2022-02-12 05:43:01,false,"Guamo Ciclismo","69.05","1,778","03:50:22","138","171","0","0","18.0","44.4","458","497","0.00","0.0","0.0","0","62","123","0.0","0","0","0.0","0.0","11280","0","0","0","0:00","0.0","0:00","No","09:49.81.4","14","0.0","03:44:29","05:12:39","290","442"
Cardio,2022-02-10 19:28:53,false,"Cardio","0.00","488","01:11:31","126","163","0","0","--","--","--","--","0.00","0.0","0.0","0","0","0","0.0","0","0","0.0","0.0","--","0","0","0","0:00","0.0","0:00","No","01:11:30.92.7","1","0.0","00:00:00","01:11:31","2,577","2,583"
Cardio,2022-02-09 19:08:19,false,"Cardio","0.00","687","01:25:59","136","175","0","0","--","--","--","--","0.00","0.0","0.0","0","0","0","0.0","0","0","0.0","0.0","--","0","0","0","0:00","0.0","0:00","No","01:25:59.12.3","1","0.0","00:00:00","01:25:59","2,579","2,586"
Cardio,2022-02-08 19:04:55,false,"Cardio","0.00","528","01:15:15","127","169","0","0","--","--","--","--","0.00","0.0","0.0","0","0","0","0.0","0","0","0.0","0.0","--","0","0","0","0:00","0.0","0:00","No","01:15:14.87.4","1","0.0","00:00:00","01:15:15","2,572","2,585"
Cardio,2022-02-07 19:03:31,false,"Cardio","0.00","672","01:31:01","133","166","0","0","--","--","--","--","0.00","0.0","0.0","0","0","0","0.0","0","0","0.0","0.0","--","0","0","0","0:00","0.0","0:00","No","01:31:00.68.5","1","0.0","00:00:00","01:31:01","2,601","2,605"
Caminar,2022-02-04 22:04:00,false,"Bogotá, D.C. Caminar","0.62","60","00:12:02","107","139","74","123","19:30","12:40","7","53","0.69","0.0","0.0","0","0","0","0.0","0","0","0.0","0.0","--","0","0","0","0:00","0.0","0:00","No","12:02.44.3","1","0.0","00:09:22","00:12:02","2,553","2,564"
Cardio,2022-02-04 19:48:02,false,"Cardio","0.00","423","00:52:54","132","170","0","0","--","--","--","--","0.00","0.0","0.0","0","0","0","0.0","0","0","0.0","0.0","--","0","0","0","0:00","0.0","0:00","No","52:54.43.8","1","0.0","00:00:00","00:52:54","2,580","2,590"
Cardio,2022-02-03 19:33:06,false,"Cardio","0.00","736","01:21:46","143","174","0","0","--","--","--","--","0.00","0.0","0.0","0","0","0","0.0","0","0","0.0","0.0","--","0","0","0","0:00","0.0","0:00","No","01:21:45.80.1","1","0.0","00:00:00","01:21:46","2,577","2,580"
Ciclismo,2022-01-29 07:50:12,false,"Guamo Ciclismo","44.70","1,179","02:02:41","148","181","0","0","21.9","42.6","188","197","0.00","0.0","0.0","0","72","106","0.0","0","0","0.0","0.0","7992","0","0","0","0:00","0.0","0:00","No","08:40.62","9","0.0","02:02:25","02:33:44","308","438"
Ciclismo,2022-01-23 16:16:43,false,"Guamo Ciclismo","30.41","575","02:02:34","105","141","0","0","14.9","31.2","75","64","0.00","0.0","0.0","0","0","0","0.0","0","0","0.0","0.0","--","0","0","0","0:00","0.0","0:00","No","02:17.59.1","7","0.0","02:01:48","02:36:21","286","329"
Ciclismo,2022-01-22 16:35:44,false,"Guamo Ciclismo","45.03","1,101","02:09:27","144","175","0","0","20.9","41.8","217","222","0.00","0.0","0.0","0","0","0","0.0","0","0","0.0","0.0","--","0","0","0","0:00","0.0","0:00","No","00:14.00","10","0.0","02:09:17","02:14:09","310","469"
Ciclismo,2022-01-16 09:22:19,false,"Guamo Ciclismo","42.16","755","02:10:20","116","143","0","0","19.4","37.8","170","160","0.00","0.0","0.0","0","0","0","0.0","0","0","0.0","0.0","--","0","0","0","0:00","0.0","0:00","No","07:36.39.4","9","0.0","02:10:03","02:30:33","317","476"
Ciclismo,2022-01-15 05:42:55,false,"Guamo Ciclismo","77.66","1,630","03:32:55","135","175","0","0","21.9","50.0","593","610","0.00","0.0","0.0","0","65","222","0.0","0","0","0.0","0.0","11664","0","0","0","0:00","0.0","0:00","No","08:37.02.3","16","0.0","03:31:38","04:58:34","295","584"
Ciclismo,2022-01-13 18:04:13,false,"Guamo Ciclismo","43.04","789","02:17:13","114","161","0","0","18.8","33.4","58","60","0.00","0.0","0.0","0","61","128","0.0","0","0","0.0","0.0","7726","0","0","0","0:00","0.0","0:00","No","10:01.65.1","9","0.0","02:16:30","02:45:20","279","323"
Ciclismo,2022-01-12 17:37:38,false,"Guamo Ciclismo","46.11","1,016","01:55:12","141","173","0","0","24.0","43.7","236","217","0.00","0.0","0.0","0","69","118","0.0","0","0","0.0","0.0","7142","0","0","0","0:00","0.0","0:00","No","04:31.65.4","10","0.0","01:55:02","02:00:46","308","472"
Ciclismo,2022-01-11 17:50:38,false,"Guamo Ciclismo","45.07","770","02:01:24","122","158","0","0","22.3","32.5","57","67","0.00","0.0","0.0","0","70","113","0.0","0","0","0.0","0.0","7758","0","0","0","0:00","0.0","0:00","No","00:20.55.6","10","0.0","02:01:09","02:04:47","283","321"
Ciclismo,2022-01-08 05:43:27,false,"Guamo Ciclismo","66.24","1,426","03:09:47","137","176","0","0","20.9","44.7","329","342","0.00","0.0","0.0","0","68","114","0.0","0","0","0.0","0.0","11189","0","0","0","0:00","0.0","0:00","No","05:06.98.3","14","0.0","03:09:21","03:34:43","296","447"
Ciclismo,2022-01-06 16:33:53,false,"Guamo Ciclismo","46.87","982","02:05:51","133","185","0","0","22.3","53.6","220","216","0.00","0.0","0.0","0","68","123","0.0","0","0","0.0","0.0","7037","0","0","0","0:00","0.0","0:00","No","08:17.65.1","10","0.0","02:05:08","02:36:10","315","473"
Ciclismo,2022-01-05 05:50:31,false,"Guamo Ciclismo","40.04","1,073","02:22:43","130","168","0","0","16.8","39.9","227","221","0.00","0.0","0.0","0","62","115","0.0","0","0","0.0","0.0","6902","0","0","0","0:00","0.0","0:00","No","00:14.90.2","9","0.0","02:21:33","03:15:56","300","383"
Ciclismo,2022-01-03 05:52:52,false,"Guamo Ciclismo","83.28","1,870","04:10:24","142","176","0","0","20.0","48.8","641","644","0.00","0.0","0.0","0","67","116","0.0","0","0","0.0","0.0","14165","0","0","0","0:00","0.0","0:00","No","12:09.95.3","17","0.0","04:09:33","04:44:44","302","588"
Caminar,2021-12-28 12:06:48,false,"Bogotá, D.C. Caminar","1.09","93","00:19:53","105","131","73","126","18:15","9:27","32","5","1.04","0.0","0.0","0","0","0","0.0","0","0","0.0","0.0","--","0","0","0","0:00","0.0","0:00","No","03:08.87.8","2","0.0","00:16:02","00:19:53","2,560","2,579"
Ciclismo,2021-12-18 16:05:25,false,"Guamo Ciclismo","45.91","1,259","02:29:24","143","179","0","0","18.4","46.0","298","308","0.00","0.0","0.0","0","68","125","0.0","0","0","0.0","0.0","8969","0","0","0","0:00","0.0","0:00","No","04:02.99","10","0.0","02:28:58","02:48:00","319","523"
Caminar,2021-12-15 20:30:32,false,"Bogotá, D.C. Caminar","1.14","92","00:22:08","99","122","71","158","19:24","10:54","--","2","0.73","0.0","0.0","0","0","0","0.0","0","0","0.0","0.0","--","0","0","0","0:00","0.0","0:00","No","02:15.20.1","2","0.0","00:17:50","00:22:08","2,634","2,639"
Carrera,2021-12-13 08:31:21,false,"Carrera","0.35","23","00:02:00.5","154","164","144","178","5:43","3:41","--","--","1.22","0.0","0.0","0","0","0","0.0","0","0","0.0","0.0","--","0","0","0","0:00","0.0","0:00","No","02:00.48.7","1","0.0","00:01:31","00:03:46.5","2,470","2,474"
Ciclismo,2021-12-11 08:14:28,false,"Guamo Ciclismo","47.28","978","02:19:19","130","186","0","0","20.4","54.3","245","240","0.00","0.0","0.0","0","72","120","0.0","0","0","0.0","0.0","8381","0","0","0","0:00","0.0","0:00","No","08:09.01.9","10","0.0","02:19:01","02:41:26","316","476"
Caminar,2021-12-08 19:33:28,false,"Bogotá, D.C. Caminar","1.08","86","00:17:46","108","138","84","126","16:30","1:38","28","2","1.21","0.0","0.0","0","0","0","0.0","0","0","0.0","0.0","--","0","0","0","0:00","0.0","0:00","No","04:15.71","2","0.0","00:14:24","00:17:46","2,600","2,607"
Caminar,2021-12-08 18:22:13,false,"Bogotá, D.C. Caminar","0.90","67","00:14:41","92","101","88","131","16:24","11:14","--","--","0.70","0.0","0.0","0","0","0","0.0","0","0","0.0","0.0","--","0","0","0","0:00","0.0","0:00","No","14:40.85.7","1","0.0","00:11:19","00:14:41","2,580","2,583"
Ciclismo,2021-12-04 16:48:15,false,"Guamo Ciclismo","28.63","678","01:25:10","132","161","0","0","20.2","31.4","49","56","0.00","0.0","0.0","0","73","119","0.0","0","0","0.0","0.0","5452","0","0","0","0:00","0.0","0:00","No","11:51.37.4","6","0.0","01:24:47","01:28:47","282","319"
